id	equip_req	ex_name	ex_type	muscle
0	Machine - Strength	Ab Crunch Machine	Strength	Abs
1	Body Only	Ab Draw Leg Slide	Strength	Abs
2	Body Only	Abdominal Pendulum	Strength	Abs
3	Body Only	Air Bike	Strength	Abs
4	Body Only	Alternate Heel Touchers	Strength	Abs
5	Body Only	Alternate Leg Bridge	Strength	Abs
6	Bench	Alternate Leg Reverse Hyper on Flat Bench	Strength	Abs
7	Body Only	Alternate Reach and Catch	Strength	Abs
8	Body Only	Alternating Arm Cobra	Strength	Abs
9	Bench, Bands	Band Weighted Sit Up	Strength	Abs
10	Barbell	Barbell Ab Rollout	Strength	Abs
11	Barbell	Barbell Ab Rollout on Knees	Strength	Abs
12	Barbell, Bench	Barbell Press Sit Up	Strength	Abs
13	Barbell, Bench	Barbell Seated Twist	Strength	Abs
14	Barbell	Barbell Side Bend	Strength	Abs
15	Bench	Bench  Twisting Crunch	Strength	Abs
16	Body Only	Bent Knee Hip Raise	Strength	Abs
17	Body Only	Bent Knee Hundreds	Strength	Abs
18	Body Only	Bent Knee Side Angle Pose	Stretching	Abs
19	Body Only	Boat Pose	Stretching	Abs
20	Body Only	Bow Pose	Stretching	Abs
21	Body Only	Butt-Ups	Strength	Abs
22	Body Only	C-Curve	Strength	Abs
23	Machine - Strength	Cable Crunch	Strength	Abs
24	Machine - Strength	Cable Judo Flip	Strength	Abs
25	Machine - Strength	Cable Kneeling Crunch with Alternating Oblique Twists	Strength	Abs
26	Machine - Strength	Cable Kneeling Pulldown	Strength	Abs
27	Machine - Strength	Cable One Arm High-Pulley Side Bends	Strength	Abs
28	Bench, Machine - Strength	Cable One Leg Lying Knee Raise	Strength	Abs
29	Machine - Strength	Cable Pallof Press with Rotation	Strength	Abs
30	Machine - Strength, Bench	Cable Reverse Crunch	Strength	Abs
31	Machine - Strength	Cable Reverse Wood Chops	Strength	Abs
32	Machine - Strength	Cable Rope Crunch	Strength	Abs
33	Machine - Strength, Exercise Ball	Cable Rotation on Exercise Ball	Strength	Abs
34	Machine - Strength, Exercise Ball	Cable Russian Twists	Strength	Abs
35	Machine - Strength, Bench	Cable Seated Crunch	Strength	Abs
36	Machine - Strength	Cable Side Bends	Strength	Abs
37	Machine - Strength	Cable Standing Crunch	Strength	Abs
38	Machine - Strength	Cable Standing Lift	Strength	Abs
39	Machine - Strength	Cable Standing Oblique Crunch	Strength	Abs
40	Machine - Strength, Exercise Ball	Cable Twist on Exercise Ball	Strength	Abs
41	Machine - Strength	Cable Twisting Crunch	Strength	Abs
42	Machine - Strength	Cable Wood Chops	Strength	Abs
43	Body Only	Camel Pose	Stretching	Abs
44	Body Only	Child's Pose	Stretching	Abs
45	Exercise Ball	Child's Pose on Exercise Ball	Stretching	Abs
46	Body Only	Cobra	Strength	Abs
47	Body Only	Crane Pose	Stretching	Abs
48	Body Only	Crescent Moon Pose	Stretching	Abs
49	Body Only	Cross Body Crunch	Strength	Abs
50	Body Only	Cross Legged Erector Spinae	Stretching	Abs
51	Body Only	Cross Legged Lying Side Stretch	Stretching	Abs
52	Body Only	Cross Legged Twist	Stretching	Abs
53	Body Only	Cross-Legged Forward Fold	Stretching	Abs
54	Body Only	Crunch with Hands Overhead	Strength	Abs
55	Body Only	Crunches	Strength	Abs
56	Bench	Crunches with Legs on a Bench	Strength	Abs
57	Exercise Ball	Crunches with Legs on an Exercise Ball	Strength	Abs
58	Bench	Decline Ab Reach	Strength	Abs
59	Bench	Decline Bench Alternate Knee Raise	Strength	Abs
60	Bench	Decline Bench Alternate Leg Raise	Strength	Abs
61	Bench, Machine - Strength	Decline Bench Cable Crunch	Strength	Abs
62	Bench, Machine - Strength	Decline Bench Cable Knee Raise	Strength	Abs
63	Bench	Decline Bench Knee Raise	Strength	Abs
64	Bench	Decline Bench Leg Raise	Strength	Abs
65	Bench	Decline Bench Leg Raise with Hip Thrust	Strength	Abs
66	Bench	Decline Bench Twisting Sit Up	Strength	Abs
67	Bench, Weight Plate	Decline Bench Weighted Twist	Strength	Abs
68	Machine - Strength	Decline Crunch	Strength	Abs
69	Bench	Decline Oblique Crunch	Strength	Abs
70	Bench	Decline Reverse Crunch	Strength	Abs
71	Body Only	Double Leg Hundreds	Strength	Abs
72	Body Only	Double Leg Stretch	Stretching	Abs
73	Body Only	Downward Facing Dog	Stretching	Abs
74	Body Only	Downward Facing Dog-Single Leg	Stretching	Abs
75	Body Only	Downward Facing Puppy Dog	Stretching	Abs
76	Bench	Dragon Flag	Strength	Abs
77	Dumbbell, Exercise Ball	Dumbbell Alternating Cobra Prone Exercise Ball	Strength	Abs
78	Dumbbell, Exercise Ball	Dumbbell Cobra Prone on Exercise Ball	Strength	Abs
79	Bench, Dumbbell	Dumbbell Seated Side Bend	Strength	Abs
80	Dumbbell	Dumbbell Side Bend	Strength	Abs
81	Exercise Ball, Dumbbell	Dumbbell Sit Up On Exercise Ball	Strength	Abs
82	Dumbbell	Dumbbell Standing One Leg Cobra	Strength	Abs
83	Bench, Dumbbell	Dumbbell Twisting Decline Sit Up	Strength	Abs
84	Dumbbell	Dumbbell Two Arm Side Bend	Strength	Abs
85	Dumbbell	Dumbbell Wood Chops	Strength	Abs
86	Body Only	Eagle Pose	Stretching	Abs
87	Exercise Ball	Exercise Ball Ab Curl	Strength	Abs
88	Exercise Ball	Exercise Ball Alternating One Arm Bridge	Strength	Abs
89	Exercise Ball	Exercise Ball Cross Legged Bridge	Strength	Abs
90	Exercise Ball	Exercise Ball Cross Legged Crunch	Strength	Abs
91	Exercise Ball	Exercise Ball Crunch	Strength	Abs
92	Exercise Ball	Exercise Ball Extended Arms Crunch	Strength	Abs
93	Exercise Ball	Exercise Ball Hand and Foot Exchange	Strength	Abs
94	Exercise Ball	Exercise Ball Hip Roll	Strength	Abs
95	Exercise Ball	Exercise Ball Hip Thrust Bridge	Strength	Abs
96	Exercise Ball	Exercise Ball Hundreds	Strength	Abs
97	Exercise Ball	Exercise Ball Incline Ab Crunch	Strength	Abs
98	Exercise Ball	Exercise Ball Jack Knife Push Up	Strength	Abs
99	Exercise Ball	Exercise Ball Knee Roll	Strength	Abs
100	Exercise Ball	Exercise Ball Leg Lifts	Strength	Abs
101	Exercise Ball	Exercise Ball Lying Side Stretch	Stretching	Abs
102	Exercise Ball	Exercise Ball Oblique Curl	Strength	Abs
103	Exercise Ball	Exercise Ball One Leg Crunch	Stretching	Abs
104	Exercise Ball	Exercise Ball One Legged Bridge	Strength	Abs
105	Exercise Ball	Exercise Ball Plank With Side Kick	Strength	Abs
106	Exercise Ball	Exercise Ball Pull In	Strength	Abs
107	Exercise Ball	Exercise Ball Reverse Crunch	Strength	Abs
108	Exercise Ball	Exercise Ball Reverse Supine Bridge	Strength	Abs
109	Exercise Ball	Exercise Ball Reverse Trunk Curl	Strength	Abs
110	Exercise Ball	Exercise Ball Roll Down	Strength	Abs
111	Exercise Ball	Exercise Ball Roman Twist	Strength	Abs
112	Exercise Ball, Bench	Exercise Ball Seated Head Tilt	Stretching	Abs
113	Exercise Ball	Exercise Ball Seated Pelvic Circles	Stretching	Abs
114	Exercise Ball	Exercise Ball Seated Side Bend	Stretching	Abs
115	Exercise Ball	Exercise Ball Side Crunch	Strength	Abs
116	Exercise Ball	Exercise Ball Side Crunch Against Wall	Strength	Abs
117	Exercise Ball	Exercise Ball Side Stretch	Stretching	Abs
118	Exercise Ball	Exercise Ball Straight Legged Crunch	Strength	Abs
119	Exercise Ball	Exercise Ball Traveling Lunge	Strength	Abs
120	Exercise Ball	Exercise Ball V Up	Strength	Abs
121	Exercise Ball, Weight Plate	Exercise Ball Weighted Sit Up	Strength	Abs
122	Exercise Ball	Exercise Ball Wood Chops	Strength	Abs
123	Body Only	Extended Arm Child Pose	Stretching	Abs
124	Body Only	Fish Pose	Stretching	Abs
125	Bench	Flat Bench Leg Pull In	Strength	Abs
126	Bench	Flat Bench Lying Leg Raise	Strength	Abs
127	Body Only	Frog Sit Ups	Strength	Abs
128	Exercise Ball	Half Moon Stretch on Exercise Ball	Stretching	Abs
129	Pullup Bar	Hanging Knee Raise	Strength	Abs
130	Pullup Bar	Hanging Leg Raise	Strength	Abs
131	Pullup Bar	Hanging Pike	Strength	Abs
132	Pullup Bar	Hanging Rotated Knee Raise	Strength	Abs
133	Body Only	Hare Pose	Stretching	Abs
134	Body Only	Hero Pose	Stretching	Abs
135	Bench	Hip Thrusts	Strength	Abs
136	Body Only	Hundreds	Strength	Abs
137	Body Only	Jackknife Sit up	Strength	Abs
138	Bench	Jackknife Sit-Up On Bench	Strength	Abs
139	Body Only	Janda Sit Up	Strength	Abs
140	Kettlebell	Kettlebell Advanced Windmill	Strength	Abs
141	Kettlebell	Kettlebell Bent Press	Strength	Abs
142	Kettlebell	Kettlebell Double Windmill	Strength	Abs
143	Kettlebell	Kettlebell Figure Eight	Strength	Abs
144	Kettlebell	Kettlebell Pass Between The Legs	Strength	Abs
145	Kettlebell	Kettlebell Windmill	Strength	Abs
146	Body Only	Knee Draw In	Strength	Abs
147	Machine - Strength	Knee Hip Raise On Parallel Bars	Strength	Abs
148	Body Only	Kneeling Side Bend	Stretching	Abs
149	Body Only	Leg Pull In	Strength	Abs
150	Body Only	Leg Raise	Strength	Abs
151	Body Only	Leg Slide	Strength	Abs
152	Body Only	Leg Slide with One Leg	Strength	Abs
153	Body Only	Locust Pose	Stretching	Abs
154	Body Only	Lower Abdominal Hip Roll	Strength	Abs
155	Body Only	Lying Alternate Floor Leg Raise	Strength	Abs
156	Body Only	Lying Alternate Knee Raise	Strength	Abs
157	Machine - Strength	Lying Cable Crunch	Strength	Abs
158	Machine - Strength	Lying Cable Knee Raise on Bench	Strength	Abs
159	Body Only	Lying Floor Knee Raise	Strength	Abs
160	Body Only	Lying Heel Touches	Strength	Abs
161	Bench	Lying Leg Raise with Hip Thrust on Bench	Strength	Abs
162	Body Only	Lying to Side Plank	Strength	Abs
163	Bench, Others	Medicine Ball Decline One Arm Overhead Throw	Strength	Abs
164	Bench, Others	Medicine Ball Decline Two Arm Overhead Throw	Strength	Abs
165	Others	Medicine Ball Full Twist	Strength	Abs
166	Exercise Ball, Others	Medicine Ball Sit Up on Exercise Ball	Strength	Abs
167	Others	Medicine Ball Supine One Arm Overhead Throw	Strength	Abs
168	Others	Medicine Ball Supine Two Arm Overhead Throw	Strength	Abs
169	Exercise Ball, Others	Medicine Ball Throw On Exercise Ball	Strength	Abs
170	Body Only	Mighty Pose	Stretching	Abs
171	Body Only	Oblique Crunches	Strength	Abs
172	Bench	Oblique Crunches with Bench	Strength	Abs
173	Machine - Strength	Oblique Raises on Parallel Bars	Strength	Abs
174	Bench	One Leg Reverse Hyper on Flat Bench	Strength	Abs
175	Body Only	Opening Out Twist	Strength	Abs
176	Body Only	Overhead Stretch	Stretching	Abs
177	Machine - Strength	Parallel Bar Leg Raise	Strength	Abs
178	Body Only	Passive Opening Out Twist	Stretching	Abs
179	Body Only	Plank	Strength	Abs
180	Exercise Ball	Plank on Exercise Ball	Strength	Abs
181	Bench	Plank with Feet on Bench	Strength	Abs
182	Body Only	Plank with Side Kick	Strength	Abs
183	Body Only	Reach and Catch	Strength	Abs
184	Body Only	Reverse Crunch	Strength	Abs
185	Body Only	Revolved Abdomen Pose Sequence	Stretching	Abs
186	Body Only	Roll Downs	Stretching	Abs
187	Exercise Ball	Roll Over on Exercise Ball	Stretching	Abs
188	Body Only	Rolling	Stretching	Abs
189	Machine - Strength	Roman Chair Twisting Knee Raise	Strength	Abs
190	Body Only	Sage Twist 1	Stretching	Abs
191	Body Only	Scalene	Stretching	Abs
192	Body Only	Scissor Kick	Strength	Abs
193	Body Only	Scorpion	Stretching	Abs
194	Bench	Seated Flat Bench Leg Pull In	Strength	Abs
195	Exercise Ball	Seated Hamstring Stretch on Exercise Ball	Stretching	Abs
196	Bench	Seated Leg Tucks	Strength	Abs
197	Body Only	Seated Overhead Stretch	Stretching	Abs
198	Body Only	Shell Stretch	Stretching	Abs
199	Body Only	Side Angle Pose With Rotation	Stretching	Abs
200	Body Only	Side Bridge	Strength	Abs
201	Body Only	Side Jackknife	Strength	Abs
202	Body Only	Sit Up	Strength	Abs
203	Body Only	Staff Pose	Stretching	Abs
204	Body Only	Standing Half Moon	Stretching	Abs
205	Body Only	Standing Lateral Stretch	Stretching	Abs
206	Body Only	Standing One Arm One Leg Opposite Reach	Stretching	Abs
207	Body Only	Stork Stance	Strength	Abs
208	Exercise Ball	Stork Stance with Exercise Ball	Strength	Abs
209	Body Only	Straight Leg Heel on Toe	Strength	Abs
210	Body Only	Sun Salutation	Stretching	Abs
211	Body Only	Superman Leg Stretch	Strength	Abs
212	Machine - Strength	Supine Ab Crunch Machine	Strength	Abs
213	Body Only	Supine Knee to Chest	Strength	Abs
214	Exercise Ball	Supine Straight Leg Hamstring Stretch on Exercise Ball	Stretching	Abs
215	Body Only	Table Pose	Stretching	Abs
216	Body Only	Toe Touchers	Stretching	Abs
217	Exercise Ball	Torso Rotation	Stretching	Abs
218	Body Only	Triangle Pose	Stretching	Abs
219	Body Only	Tuck Crunch	Strength	Abs
220	Body Only	Turtle Pose	Stretching	Abs
221	Body Only	Twisting Floor Crunch	Strength	Abs
222	Pullup Bar	Twisting Hanging Knee Raise	Strength	Abs
223	Machine - Strength	Twisting Lying Cable Crunch	Strength	Abs
224	Body Only	Two Leg Slide	Strength	Abs
225	Body Only	Two Legged Supine Knee to Chest	Strength	Abs
226	Body Only	Upward Facing Bow Pose	Stretching	Abs
227	Body Only	V Ups	Strength	Abs
228	Body Only	Warrior 2 Pose	Stretching	Abs
229	Body Only	Warrior 3 Pose	Stretching	Abs
230	Body Only	Warrior Pose	Stretching	Abs
231	Bench, Weight Plate	Weight Plate  Decline Crunch	Strength	Abs
232	Weight Plate, Bench	Weight Plate Around the World Decline Crunch	Strength	Abs
233	Weight Plate	Weight Plate Oblique Twists	Strength	Abs
234	Bench, Weight Plate	Weight Plate Russian Twist	Strength	Abs
235	Weight Plate	Weight Plate Side Bend	Strength	Abs
236	Exercise Ball, Weight Plate	Weight Plate Side Bend on Exercise Ball	Strength	Abs
237	Weight Plate	Weight Plate Twist	Strength	Abs
238	Weight Plate	Weighted Crunches	Strength	Abs
239	Pullup Bar, Dumbbell	Weighted Hanging Knee Raise	Strength	Abs
240	Bench, Weight Plate	Weighted Side Touches	Strength	Abs
241	Body Only	Wide Leg Stretch	Stretching	Abs
242	Pullup Bar	Windshield Wipers	Strength	Abs
243	Body Only	Z Pose	Stretching	Abs
244	Machine - Strength	Back Extension Machine	Strength	Back
245	Exercise Ball	Back Extension on Exercise Ball	Stretching	Back
246	Exercise Ball	Back Relaxation	Stretching	Back
247	Barbell, Bench	Barbell Bent Arm Pullover	Strength	Back
248	Barbell	Barbell Bent One Arm Row	Strength	Back
249	Barbell	Barbell Bent Over Row	Strength	Back
250	Barbell	Barbell Bent Over Two Arm Row	Strength	Back
251	Barbell	Barbell Deadlift	Strength	Back
252	Barbell	Barbell Good Morning	Strength	Back
253	Barbell, Machine - Strength	Barbell High Inverted Row	Strength	Back
254	Bench, Barbell	Barbell Incline Bench Pull	Strength	Back
255	Barbell, Bench	Barbell Incline Bench Row	Strength	Back
256	Barbell, Bench	Barbell Lying Cambered Row	Strength	Back
257	Barbell	Barbell One Arm Bent Over Row	Strength	Back
258	Barbell, Machine - Strength	Barbell Rack Pulls	Strength	Back
259	Barbell	Barbell Reverse Grip Bent Over Row	Strength	Back
260	Barbell, Bench	Barbell Reverse Grip Incline Bench Row	Strength	Back
261	Barbell	Barbell Romanian Deadlift	Strength	Back
262	Barbell, Bench	Barbell Seated Good Mornings	Powerlifting	Back
263	Machine - Strength, Bench	Cable Back Incline Pushdown	Strength	Back
264	Machine - Strength	Cable Deadlift	Strength	Back
265	Machine - Strength, Weight Plate	Cable Elevated Rows	Strength	Back
266	Machine - Strength	Cable Full Range of Motion Straight Crossover	Strength	Back
267	Bench, Machine - Strength	Cable Incline Bench Row	Strength	Back
268	Machine - Strength, Bench	Cable One Arm Lat Pulldown	Strength	Back
269	Bench, Machine - Strength	Cable One Arm Seated Row	Strength	Back
270	Machine - Strength	Cable Palm Rotational Row	Strength	Back
271	Machine - Strength	Cable Rope Crossover Seated Row	Strength	Back
272	Machine - Strength, Weight Plate	Cable Rope Elevated Seated Row	Strength	Back
273	Bench, Machine - Strength	Cable Rope Extension Incline Bench Row	Strength	Back
274	Machine - Strength	Cable Rope Lat Pull Down	Strength	Back
275	Machine - Strength, Pullup Bar	Cable Rope Pull Up	Strength	Back
276	Bench, Machine - Strength	Cable Rope Seated Row	Strength	Back
277	Machine - Strength	Cable Seated Row	Strength	Back
278	Machine - Strength	Cable Standing One Arm Row	Strength	Back
279	Machine - Strength	Cable Standing Row	Strength	Back
280	Machine - Strength	Cable Straight Arm Push Down	Strength	Back
281	Machine - Strength, Bench	Cable Underhand Pull Down	Strength	Back
282	Machine - Strength	Cable Upper Row	Strength	Back
283	Machine - Strength	Cable V Bar Pull Down	Strength	Back
284	Machine - Strength	Cable V Bar Standing Row	Strength	Back
285	Body Only	Cat Stretch	Stretching	Back
286	Bench	Chair Lower Back Stretch	Stretching	Back
287	Pullup Bar	Chin Up	Strength	Back
288	Pullup Bar	Climbers Chin Up	Strength	Back
289	Pullup Bar	Close Grip Chin Up	Strength	Back
290	Machine - Strength	Close Grip Front Lat Pulldown	Strength	Back
291	Machine - Strength	Close Grip Reverse Lat Pull Down	Strength	Back
292	Machine - Strength	Close Grip Vertical Row	Strength	Back
293	Body Only	Crossover Reverse Lunge	Stretching	Back
294	Body Only	Dancer's Stretch	Stretching	Back
295	Dumbbell	Dumbbell Bent Over Row	Strength	Back
296	Dumbbell	Dumbbell Deadlift	Strength	Back
297	Bench, Dumbbell	Dumbbell Incline Bench Two Arm Row	Strength	Back
298	Dumbbell, Bench	Dumbbell Lying Rear Delt Row	Strength	Back
299	Dumbbell, Bench	Dumbbell Middle Back Shrug	Strength	Back
300	Dumbbell, Bench	Dumbbell One Arm Lying Rear Delt Row	Strength	Back
301	Dumbbell, Exercise Ball	Dumbbell One Arm Pullover	Strength	Back
302	Dumbbell, Bench	Dumbbell One Arm Row	Strength	Back
303	Dumbbell	Dumbbell Palm Rotational Row	Strength	Back
304	Dumbbell	Dumbbell Palms In Bent Over Row	Strength	Back
305	Dumbbell	Dumbbell Palms In Bent Over Row	Strength	Back
306	Dumbbell, Exercise Ball	Dumbbell Prone Alternating Rear Delt Row on Exercise Ball	Strength	Back
307	Dumbbell, Exercise Ball	Dumbbell Prone One Arm Rear Delt Row on Exercise Ball	Strength	Back
308	Dumbbell, Exercise Ball	Dumbbell Prone Rear Delt Row on Exercise Ball	Strength	Back
309	Bench, Dumbbell	Dumbbell Reverse Grip Incline Bench One Arm Row	Strength	Back
310	Dumbbell, Bench	Dumbbell Reverse Grip Incline Bench Two Arm Row	Strength	Back
311	Body Only	Dynamic Back Stretch	Stretching	Back
312	Exercise Ball	Exercise Ball Alternating Arm Ups	Strength	Back
313	Exercise Ball	Exercise Ball Back Extension With Arms Extended	Stretching	Back
314	Exercise Ball	Exercise Ball Back Extension With Hands Behind Head	Stretching	Back
315	Exercise Ball	Exercise Ball Back Extension With Knees Off Ground	Stretching	Back
316	Exercise Ball	Exercise Ball Back Extension With Rotation	Stretching	Back
317	Exercise Ball	Exercise Ball Back Stretch	Stretching	Back
318	Exercise Ball	Exercise Ball Back Wall Circles	Stretching	Back
319	Exercise Ball	Exercise Ball Hug	Stretching	Back
320	Exercise Ball	Exercise Ball Lat Stretch	Stretching	Back
321	Exercise Ball	Exercise Ball Lower Back Prone Stretch	Stretching	Back
322	Exercise Ball	Exercise Ball Lower Back Stretch	Stretching	Back
323	Exercise Ball	Exercise Ball Lying Side Lat Stretch	Stretching	Back
324	Exercise Ball	Exercise Ball One Leg Prone Lower Body Rotation	Stretching	Back
325	Exercise Ball	Exercise Ball Prone Leg Raise	Strength	Back
326	Exercise Ball	Exercise Ball Pyramid	Stretching	Back
327	EZ Curl Bar	EZ Bar Reverse Grip Bent Over Row	Strength	Back
328	Machine - Strength	Full Range Of Motion Lat Pulldown	Strength	Back
329	Pullup Bar	Gironda Sternum Chin Ups	Strength	Back
330	Pullup Bar	Gorilla Chin Up with Crunch	Strength	Back
331	Pullup Bar	Hammer Grip Pull Up	Strength	Back
332	Body Only	Hug Knees to Chest	Stretching	Back
333	Machine - Strength	Hyperextensions - Back Extensions	Stretching	Back
334	Body Only	Hyperextensions With No Bench	Strength	Back
335	Machine - Strength	Inverted Row	Strength	Back
336	Machine - Strength	Iso Lateral Wide Pulldown	Strength	Back
337	Kettlebell	Kettlebell Alternating Renegade Row	Strength	Back
338	Kettlebell	Kettlebell Alternating Row	Strength	Back
339	Kettlebell	Kettlebell One Arm Row	Strength	Back
340	Kettlebell	Kettlebell Two Arm Row	Strength	Back
341	Body Only	Kneeling Lat Stretch	Stretching	Back
342	Machine - Strength	Leverage Machine High Row	Strength	Back
343	Machine - Strength	Leverage Machine Iso Row	Strength	Back
344	Body Only	Lower Back Curl	Stretching	Back
345	Machine - Strength	Machine Assisted Chin Up	Strength	Back
346	Machine - Strength	Machine Assisted Hammer Grip Pull Up	Strength	Back
347	Machine - Strength	Machine Assisted Pull Up	Strength	Back
348	Machine - Strength	Machine Lat Pull Down	Strength	Back
349	Machine - Strength	Machine T-Bar Reverse Grip Row	Strength	Back
350	Others	Medicine Ball Catch and Overhead Throw	Strength	Back
351	Others	Medicine Ball Overhead Slam	Strength	Back
352	Body Only	Middle Back Stretch	Stretching	Back
353	Pullup Bar	Mixed Grip Chin Up	Strength	Back
354	Machine - Strength	Narrow Grip Lat Pull Down	Strength	Back
355	Body Only	One Arm Against Wall	Stretching	Back
356	Pullup Bar	One Arm Chin Up	Strength	Back
357	Machine - Strength	One Arm Iso Lateral High Row	Strength	Back
358	Machine - Strength	One Arm Iso Lateral Wide Pulldown	Strength	Back
359	Pullup Bar	One Handed Hang	Stretching	Back
360	Body Only	Pelvic Tilt Into Bridge	Stretching	Back
361	Pullup Bar	Pull Ups	Strength	Back
362	Machine - Strength	Reverse Grip Lat Pull Down	Strength	Back
363	Machine - Strength	Reverse Grip Machine Lat Pull Down	Strength	Back
364	Machine - Strength	Reverse Grip Vertical Row	Strength	Back
365	Machine - Strength	Reverse Lying T Bar Machine Row	Strength	Back
366	Pullup Bar	Rocky Pull Ups and Pulldowns	Strength	Back
367	Machine - Strength	Seated Machine Row	Strength	Back
368	Body Only	Side-Lying Floor Stretch	Stretching	Back
369	Machine - Strength	Smith Machine Bent Over Row	Strength	Back
370	Machine - Strength	Smith Machine Deadlift	Strength	Back
371	Machine - Strength	Smith Machine Good Morning	Strength	Back
372	Machine - Strength	Smith Machine One Arm Row	Strength	Back
373	Machine - Strength	Smith Machine Reverse Grip Bent Over Row	Strength	Back
374	Body Only	Sphinx	Stretching	Back
375	Exercise Ball	Spinal Stretch	Stretching	Back
376	Body Only	Spine Stretch	Stretching	Back
377	Body Only	Spine Twist	Strength	Back
378	Body Only	Standing Pelvic Tilt	Stretching	Back
379	Body Only	Superman	Stretching	Back
380	Machine - Strength	T Bar Lying Row	Strength	Back
381	Barbell, Machine - Strength	T Bar Row	Strength	Back
382	Machine - Strength	Unilateral Row	Strength	Back
383	Body Only	Upper Back Stretch	Stretching	Back
384	Body Only	Upward Facing Dog	Stretching	Back
385	Pullup Bar, Machine - Strength	V Bar Pull Up	Strength	Back
386	Exercise Ball, Weight Plate	Weight Plate Hyperextensions on Exercise Ball	Strength	Back
387	Pullup Bar, Weight Plate	Weighted Pull Ups	Strength	Back
388	Machine - Strength	Wide Grip Lat Pulldown	Strength	Back
389	Machine - Strength	Wide Grip Pulldown Behind The Neck	Strength	Back
390	Pullup Bar	Wide Grip Rear Pull-Up	Strength	Back
391	Bands	Band Speed Alternating Biceps Curl 	Strength	Biceps
392	Barbell	Barbell Bicep Curl with Deadlift	Strength	Biceps
393	Barbell, EZ Curl Bar	Barbell Bicep Drag Curl	Strength	Biceps
394	Machine - Strength, Barbell	Barbell Body Row	Strength	Biceps
395	EZ Curl Bar, Machine - Strength	Barbell Close Grip Preacher Curl	Strength	Biceps
396	Barbell, Bench	Barbell Close Grip Seated Concentration  Curl	Strength	Biceps
397	Barbell	Barbell Close Grip Standing Curl	Strength	Biceps
398	Barbell, Bench	Barbell Concentration Curl	Strength	Biceps
399	Barbell	Barbell Curl	Strength	Biceps
400	Barbell, Bench	Barbell Curls Lying Against An Incline	Strength	Biceps
401	Barbell	Barbell Drag Curl	Strength	Biceps
402	Barbell, Bench	Barbell Lying High Bench Biceps Curl	Strength	Biceps
403	Barbell	Barbell One Arm Bicep Curl	Strength	Biceps
404	Barbell, Machine - Strength	Barbell Preacher Curl	Strength	Biceps
405	EZ Curl Bar, Machine - Strength	Barbell Reverse Preacher Curl	Strength	Biceps
406	Bench, EZ Curl Bar	Barbell Spider Curl	Strength	Biceps
407	Barbell	Barbell Standing Wide Grip Biceps Curl	Strength	Biceps
408	Machine - Strength	Bicep Curl Machine	Strength	Biceps
409	Machine - Strength	Cable Close Grip Curl	Strength	Biceps
410	Machine - Strength, Bench	Cable Concentration Curl	Strength	Biceps
411	Machine - Strength	Cable Drag Curl	Strength	Biceps
412	Machine - Strength, Bench	Cable High Curl	Strength	Biceps
413	Machine - Strength, Bench	Cable Lying Bicep Curl	Strength	Biceps
414	Machine - Strength, Bench	Cable Lying Close Grip Biceps Curl	Strength	Biceps
415	Machine - Strength	Cable One Arm High Curl	Strength	Biceps
416	Bench, Machine - Strength	Cable One Arm Preacher Curl	Strength	Biceps
417	Bench, Machine - Strength	Cable One Arm Reverse Preacher Curl	Strength	Biceps
418	Machine - Strength	Cable Overhead Curl	Strength	Biceps
419	Exercise Ball, Machine - Strength	Cable Overhead Curl on Exercise Ball	Strength	Biceps
420	Machine - Strength, Bench	Cable Preacher Curl	Strength	Biceps
421	Machine - Strength, Bench	Cable Pulldown Bicep Curl	Strength	Biceps
422	Machine - Strength	Cable Reverse Curl	Strength	Biceps
423	Machine - Strength	Cable Reverse Grip Curls	Strength	Biceps
424	Bench, Machine - Strength	Cable Reverse Preacher Curl	Strength	Biceps
425	Machine - Strength	Cable Rope Hammer Curls	Strength	Biceps
426	Bench, Machine - Strength	Cable Rope Hammer Preacher Curl	Strength	Biceps
427	Bench, Machine - Strength	Cable Rope One Arm Hammer Preacher Curl	Strength	Biceps
428	Bench, Machine - Strength	Cable Seated Curl	Strength	Biceps
429	Machine - Strength, Bench	Cable Seated One Arm Concentration Curl	Strength	Biceps
430	Machine - Strength, Bench	Cable Seated Overhead Curl	Strength	Biceps
431	Machine - Strength	Cable Squatting Curl	Strength	Biceps
432	Machine - Strength	Cable Standing Biceps Curl	Strength	Biceps
433	Machine - Strength	Cable Standing Curl	Strength	Biceps
434	Machine - Strength	Cable Standing One Arm Bicep Curl	Strength	Biceps
435	Machine - Strength	Cable Standing Reverse Curl	Strength	Biceps
436	Bench, Machine - Strength	Cable Two Arm Curl on Incline Bench	Strength	Biceps
437	Dumbbell	Dumbbell Alternate Bicep Curl	Strength	Biceps
438	Dumbbell	Dumbbell Alternate Hammer Curl	Strength	Biceps
439	Machine - Strength, Dumbbell	Dumbbell Alternate Hammer Preacher Curl	Strength	Biceps
440	Dumbbell, Bench	Dumbbell Alternate Incline Curl	Strength	Biceps
441	Bench, Dumbbell	Dumbbell Alternate Incline Hammer Curl	Strength	Biceps
442	Machine - Strength, Dumbbell	Dumbbell Alternate Preacher Curl	Strength	Biceps
443	Bench, Dumbbell	Dumbbell Alternate Seated Curl	Strength	Biceps
444	Bench, Dumbbell	Dumbbell Alternate Seated Hammer Curl	Strength	Biceps
445	Dumbbell, Exercise Ball	Dumbbell Alternating Bicep Curl with Leg Raised on Exercise Ball	Strength	Biceps
446	Dumbbell, Exercise Ball	Dumbbell Alternating Seated Bicep Curl on Exercise Ball	Strength	Biceps
447	Dumbbell	Dumbbell Bicep Curl	Strength	Biceps
448	Dumbbell	Dumbbell Bicep Curl Lunge with Bowling Motion	Strength	Biceps
449	Exercise Ball, Dumbbell	Dumbbell Bicep Curl on Exercise Ball with Leg Raised	Strength	Biceps
450	Dumbbell	Dumbbell Bicep Curl With Stork Stance	Strength	Biceps
451	Dumbbell	Dumbbell Biceps Curl Reverse	Strength	Biceps
452	Dumbbell	Dumbbell Biceps Curl Squat	Strength	Biceps
453	Dumbbell, Others	Dumbbell Biceps Curl V Sit on Dome	Strength	Biceps
454	Bench, Dumbbell	Dumbbell Concentration Curls	Strength	Biceps
455	Dumbbell	Dumbbell Cross Body Hammer Curl	Strength	Biceps
456	Dumbbell, Bench	Dumbbell Flexor Incline Curl	Strength	Biceps
457	Dumbbell	Dumbbell Forward Lunge with Bicep Curl	Strength	Biceps
458	Dumbbell, Exercise Ball	Dumbbell Hammer Curl on Exercise Ball	Strength	Biceps
459	Dumbbell	Dumbbell Hammer Curls	Strength	Biceps
460	Dumbbell	Dumbbell High Curl	Strength	Biceps
461	Bench, Dumbbell	Dumbbell Incline Bench Curl	Strength	Biceps
462	Bench, Dumbbell	Dumbbell Incline Bench Hammer Curl	Strength	Biceps
463	Bench, Dumbbell	Dumbbell Incline Curl	Strength	Biceps
464	Bench, Dumbbell	Dumbbell Incline Hammer Curls	Strength	Biceps
465	Dumbbell, Exercise Ball	Dumbbell Kneeling Bicep Curl Exercise Ball	Strength	Biceps
466	Dumbbell, Bench	Dumbbell Lying Supine Biceps Curl	Strength	Biceps
467	Bench, Dumbbell	Dumbbell Lying Wide Curl	Strength	Biceps
468	Machine - Strength, Dumbbell	Dumbbell One Arm Hammer Preacher Curl	Strength	Biceps
469	Dumbbell, Machine - Strength	Dumbbell One Arm Preacher Curl	Strength	Biceps
470	Bench, Dumbbell	Dumbbell One Arm Prone Curl	Strength	Biceps
471	Bench, Dumbbell	Dumbbell One Arm Prone Hammer Curl	Strength	Biceps
472	Dumbbell, Bench	Dumbbell One Arm Reverse Spider Curl	Strength	Biceps
473	Dumbbell, Exercise Ball	Dumbbell One Arm Seated Bicep Curl on Exercise Ball 	Strength	Biceps
474	Bench, Dumbbell	Dumbbell One Arm Seated Curl	Strength	Biceps
475	Bench, Dumbbell	Dumbbell One Arm Seated Hammer Curl	Strength	Biceps
476	Dumbbell	Dumbbell One Arm Standing Curl	Strength	Biceps
477	Dumbbell	Dumbbell One Arm Standing Hammer Curl	Strength	Biceps
478	Dumbbell, Bench	Dumbbell One Arm Zottman Preacher Curl	Strength	Biceps
479	Dumbbell, Machine - Strength	Dumbbell Preacher Curl	Strength	Biceps
480	Dumbbell, Exercise Ball	Dumbbell Preacher Curl over Exercise Ball	Strength	Biceps
481	Dumbbell, Machine - Strength	Dumbbell Preacher Hammer Curl	Strength	Biceps
482	Dumbbell, Bench	Dumbbell Prone Incline Biceps Curl	Strength	Biceps
483	Bench, Dumbbell	Dumbbell Prone Incline Hammer Curl	Strength	Biceps
484	Dumbbell, Bench	Dumbbell Reverse Spider Curl	Strength	Biceps
485	Dumbbell, Exercise Ball	Dumbbell Seated Alternate Hammer Curl on Exercise Ball	Strength	Biceps
486	Dumbbell, Bench	Dumbbell Seated Bicep Curl	Strength	Biceps
487	Dumbbell, Exercise Ball	Dumbbell Seated Concentration Curl on Exercise Ball	Strength	Biceps
488	Bench, Dumbbell	Dumbbell Seated Curl	Strength	Biceps
489	Bench, Dumbbell	Dumbbell Seated Hammer Curl	Strength	Biceps
490	Dumbbell, Bench	Dumbbell Seated Inner Biceps Curl	Strength	Biceps
491	Dumbbell, Exercise Ball	Dumbbell Seated One Arm One Leg Bicep Curl on Exercise Ball	Strength	Biceps
492	Dumbbell, Bench	Dumbbell Spider Curl	Strength	Biceps
493	Dumbbell, Bench	Dumbbell Standing One-Arm  Curl Over Incline Bench	Strength	Biceps
494	Dumbbell, Bench	Dumbbell Step Up Single Leg Balance with Bicep Curl	Strength	Biceps
495	Dumbbell	Dumbbell Twisting Standing Curl	Strength	Biceps
496	Dumbbell, Exercise Ball	Dumbbell Two Arm Seated Hammer Curl on Exercise Ball	Strength	Biceps
497	Dumbbell	Dumbbell Zottman Curl	Strength	Biceps
498	EZ Curl Bar	EZ Bar Close Grip Curl	Strength	Biceps
499	EZ Curl Bar	EZ Bar Curl	Strength	Biceps
500	EZ Curl Bar, Bench	EZ Bar Seated Close Grip Concentration Curl	Strength	Biceps
501	Machine - Strength	Machine Curl With Hammer Grip	Strength	Biceps
502	Machine - Strength	Machine Curl With Reverse Grip	Strength	Biceps
503	Exercise Ball, Others	Medicine Ball Biceps Curl on Exercise Ball	Strength	Biceps
504	Machine - Strength	Preacher Curl Machine	Strength	Biceps
505	Machine - Strength	Smith Machine Bicep Curl	Strength	Biceps
506	Body Only	Standing Biceps Stretch	Stretching	Biceps
507	Weight Plate	Weight Plate Reverse Curl	Strength	Biceps
508	Body Only	1 Leg Pushup	Strength	Chest
509	Bands, Bench	Band Bench Press	Strength	Chest
510	Bands	Band Cross Over	Strength	Chest
511	Barbell, Machine - Strength	Barbell Bench Press	Strength	Chest
512	Barbell, Machine - Strength	Barbell Decline Bench Press	Strength	Chest
513	Barbell, Bench	Barbell Decline Pullover	Strength	Chest
514	Barbell, Bench	Barbell Front Raise and Pullover	Strength	Chest
515	Barbell, Machine - Strength	Barbell Incline Bench Press	Strength	Chest
516	Barbell, Machine - Strength	Barbell Neck Press	Strength	Chest
517	Barbell	Barbell One Arm Floor Press	Strength	Chest
518	Barbell, Bench	Barbell Pullover and Press	Strength	Chest
519	Barbell, Machine - Strength	Barbell Reverse Grip Decline Bench Press	Strength	Chest
520	Barbell, Machine - Strength	Barbell Reverse Grip Incline Bench Press	Strength	Chest
521	Barbell, Machine - Strength	Barbell Wide Grip Bench Press	Strength	Chest
522	Barbell, Machine - Strength	Barbell Wide Grip Decline Bench Press	Strength	Chest
523	Barbell, Bench	Barbell Wide Grip Decline Pullover	Strength	Chest
524	Barbell, Machine - Strength	Barbell Wide Reverse Grip Bench Press	Strength	Chest
525	Body Only	Behind Head Chest Stretch	Stretching	Chest
526	Machine - Strength	Bench Press Machine	Strength	Chest
527	Bench	Bench Pushups	Strength	Chest
528	Machine - Strength	Butterfly	Strength	Chest
529	Machine - Strength	Cable Cross Over	Strength	Chest
530	Bench, Machine - Strength	Cable Decline Chest Fly	Strength	Chest
531	Bench, Machine - Strength	Cable Decline One Arm Press	Strength	Chest
532	Bench, Machine - Strength	Cable Decline Press	Strength	Chest
533	Machine - Strength, Bench	Cable Flat Bench Fly	Strength	Chest
534	Machine - Strength, Exercise Ball	Cable Fly on Exercise Ball	Strength	Chest
535	Machine - Strength	Cable High Cross Over	Strength	Chest
536	Machine - Strength, Bench	Cable Incline Fly	Strength	Chest
537	Exercise Ball, Machine - Strength	Cable Incline Fly on Exercise Ball	Strength	Chest
538	Bench, Machine - Strength	Cable Incline Press	Strength	Chest
539	Exercise Ball, Machine - Strength	Cable Incline Press on Exercise Ball	Strength	Chest
540	Machine - Strength	Cable Inner Chest Press	Strength	Chest
541	Machine - Strength	Cable Lower Chest Raise	Strength	Chest
542	Machine - Strength	Cable Mid Chest Crossovers	Strength	Chest
543	Bench, Machine - Strength	Cable One Arm Decline Chest Fly	Strength	Chest
544	Exercise Ball, Machine - Strength	Cable One Arm Fly on Exercise Ball	Strength	Chest
545	Exercise Ball, Machine - Strength	Cable One Arm Incline Fly on Exercise Ball	Strength	Chest
546	Bench, Machine - Strength	Cable One Arm Incline Press	Strength	Chest
547	Machine - Strength, Exercise Ball	Cable One Arm Incline Press on Exercise Ball	Strength	Chest
548	Exercise Ball, Machine - Strength	Cable One Arm Press on Exercise Ball	Strength	Chest
549	Exercise Ball, Machine - Strength	Cable Press on Exercise Ball	Strength	Chest
550	Bench, Machine - Strength	Cable Rope Extension Lying Pullover	Strength	Chest
551	Machine - Strength	Cable Standing Up Straight Crossovers	Strength	Chest
552	Machine - Strength	Cable Upper Chest Crossovers	Strength	Chest
553	Barbell	Chest and Front of Shoulder Stretch	Stretching	Chest
554	Body Only	Clap Push Up	Strength	Chest
555	Body Only	Close Hand Pushup	Strength	Chest
556	Dumbbell	Deep Push Up	Strength	Chest
557	Exercise Ball	Downward Facing Balance	Stretching	Chest
558	Bench	Drop Push Up	Strength	Chest
559	Dumbbell, Bench	Dumbbell Around the Worlds	Strength	Chest
560	Dumbbell, Bench	Dumbbell Bench Press	Strength	Chest
561	Dumbbell, Bench	Dumbbell Bent Arm Pullover	Strength	Chest
562	Dumbbell, Bench	Dumbbell Decline Bench Press	Strength	Chest
563	Dumbbell, Bench	Dumbbell Decline Fly	Strength	Chest
564	Dumbbell, Bench	Dumbbell Decline One Arm Fly	Strength	Chest
565	Dumbbell, Bench	Dumbbell Decline One Arm Hammer Press	Strength	Chest
566	Dumbbell, Bench	Dumbbell Decline Press	Strength	Chest
567	Dumbbell, Exercise Ball	Dumbbell Decline Press on Exercise Ball	Strength	Chest
568	Dumbbell, Bench	Dumbbell Fly	Strength	Chest
569	Dumbbell, Exercise Ball	Dumbbell Fly on Exercise Ball	Strength	Chest
570	Dumbbell, Bench	Dumbbell Hammer Grip Incline Bench Press	Strength	Chest
571	Dumbbell, Bench	Dumbbell Incline Bench Press	Strength	Chest
572	Dumbbell, Bench	Dumbbell Incline Fly	Strength	Chest
573	Dumbbell, Exercise Ball	Dumbbell Incline Fly on Exercise Ball	Strength	Chest
574	Dumbbell, Bench	Dumbbell Incline Fly With A Twist	Strength	Chest
575	Dumbbell, Exercise Ball	Dumbbell Incline Hammer Press on Exercise Ball	Strength	Chest
576	Dumbbell, Bench	Dumbbell Incline One Arm Fly	Strength	Chest
577	Dumbbell, Exercise Ball	Dumbbell Incline One Arm Fly on Exercise Ball	Strength	Chest
578	Dumbbell, Bench	Dumbbell Incline One Arm Hammer Press	Strength	Chest
579	Dumbbell, Exercise Ball	Dumbbell Incline One Arm Hammer Press on Exercise Ball	Strength	Chest
580	Dumbbell, Bench	Dumbbell Incline One Arm Press	Strength	Chest
581	Dumbbell, Exercise Ball	Dumbbell Incline One Arm Press on Exercise Ball	Strength	Chest
582	Dumbbell, Exercise Ball	Dumbbell Incline Press on Exercise Ball	Strength	Chest
583	Dumbbell, Exercise Ball	Dumbbell Incline Press on Exercise Ball	Strength	Chest
584	Dumbbell, Exercise Ball	Dumbbell Lying Pullover on Exercise Ball	Strength	Chest
585	Dumbbell, Bench	Dumbbell One Arm Bench Fly	Strength	Chest
586	Bench, Dumbbell	Dumbbell One Arm Bench Press	Strength	Chest
587	Dumbbell, Bench	Dumbbell One Arm Bench Press	Strength	Chest
588	Dumbbell, Exercise Ball	Dumbbell One Arm Chest Fly on Exercise Ball	Strength	Chest
589	Dumbbell, Bench	Dumbbell One Arm Decline Chest Press	Strength	Chest
590	Dumbbell, Exercise Ball	Dumbbell One Arm Fly on Exercise Ball	Strength	Chest
591	Dumbbell, Bench	Dumbbell One Arm Hammer Press	Strength	Chest
592	Dumbbell, Exercise Ball	Dumbbell One Arm Hammer Press on Exercise Ball	Strength	Chest
593	Dumbbell, Bench	Dumbbell One Arm Incline Chest Press	Strength	Chest
594	Dumbbell, Exercise Ball	Dumbbell One Arm Press on Exercise Ball	Strength	Chest
595	Dumbbell, Exercise Ball	Dumbbell One Arm Pullover on Exercise Ball	Strength	Chest
596	Dumbbell, Bench	Dumbbell One Arm Reverse Grip Press	Strength	Chest
597	Dumbbell, Exercise Ball	Dumbbell One Leg Fly on Exercise Ball	Strength	Chest
598	Bench, Dumbbell	Dumbbell Palms In Bench Press	Strength	Chest
599	Bench, Dumbbell	Dumbbell Palms In Incline Bench Press	Strength	Chest
600	Dumbbell, Exercise Ball	Dumbbell Press on Exercise Ball	Strength	Chest
601	Dumbbell, Exercise Ball	Dumbbell Pullover Hip Extension on Exercise Ball	Strength	Chest
602	Dumbbell, Exercise Ball	Dumbbell Pullover on Exercise Ball	Strength	Chest
603	Bench, Dumbbell	Dumbbell Reverse Bench Press	Strength	Chest
604	Dumbbell, Bench	Dumbbell Straight Arm Pullover	Strength	Chest
605	Body Only	Dynamic Chest Stretch	Stretching	Chest
606	Body Only	Elbows Back Stretch	Stretching	Chest
607	Exercise Ball	Exercise Ball Chest Stretch	Stretching	Chest
608	Exercise Ball	Exercise Ball Narrow Push Up	Strength	Chest
609	Exercise Ball	Exercise Ball Pike Pushup 	Strength	Chest
610	Bench, Others	Incline Push Up Depth Jump	Strength	Chest
611	Body Only	Isometric Chest Squeeze	Strength	Chest
612	Kettlebell	Kettlebell Alternating Floor Press	Strength	Chest
613	Kettlebell	Kettlebell Extended Range One Arm Floor Press	Strength	Chest
614	Kettlebell	Kettlebell One Arm Floor Press	Strength	Chest
615	Kettlebell	Kettlebell Plyo Pushups	Strength	Chest
616	Kettlebell	Leg Over Floor Press	Strength	Chest
617	Machine - Strength	Leverage Chest Press	Strength	Chest
618	Machine - Strength	Leverage Decline Chest Press	Strength	Chest
619	Machine - Strength	Leverage Incline Chest Press	Strength	Chest
620	Machine - Strength	Machine Decline Chest Press	Strength	Chest
621	Machine - Strength	Machine Fly	Strength	Chest
622	Machine - Strength	Machine Incline Chest Press	Strength	Chest
623	Machine - Strength	Machine Inner Chest Press	Strength	Chest
624	Others	Medicine Ball Chest Pass	Strength	Chest
625	Others	Medicine Ball Chest Push from 3 Point Stance	Strength	Chest
626	Others	Medicine Ball Chest Push Multiple Response	Strength	Chest
627	Others	Medicine Ball Chest Push Single Response	Strength	Chest
628	Others	Medicine Ball Chest Push with Run Release	Strength	Chest
629	Barbell, Machine - Strength	Neck Press	Strength	Chest
630	Others, Exercise Ball	One Armed Biased Push Up	Strength	Chest
631	Body Only	Plyo Push-Up	Strength	Chest
632	Body Only	Push Up	Strength	Chest
633	Others	Push Up On Exercise Dome	Strength	Chest
634	Body Only	Push Up to Side Plank	Strength	Chest
635	Bench	Push Up with Feet Elevated	Strength	Chest
636	Exercise Ball	Push Up with Feet On An Exercise Ball	Strength	Chest
637	Machine - Strength, Bench	Smith Machine Bench Press	Strength	Chest
638	Bench, Machine - Strength	Smith Machine Decline Bench Press	Strength	Chest
639	Machine - Strength, Bench	Smith Machine Decline Close Grip Bench Press	Strength	Chest
640	Machine - Strength, Bench	Smith Machine Incline Bench Press	Strength	Chest
641	Machine - Strength, Bench	Smith Machine Reverse Decline Close Grip Bench Press	Strength	Chest
642	Machine - Strength, Bench	Smith Machine Reverse Grip Bench Press	Strength	Chest
643	Machine - Strength	Smith Machine Reverse Grip Incline Bench Press	Strength	Chest
644	Machine - Strength, Bench	Smith Machine Wide Grip Bench Press	Strength	Chest
645	Machine - Strength, Bench	Smith Machine Wide Grip Decline Bench Press	Strength	Chest
646	Bench, Weight Plate	Weighted Drop Push Up	Strength	Chest
647	Body Only	Wide Hand Pushup	Strength	Chest
648	Barbell	Barbell Behind The Back Wrist Curl	Strength	Forearm
649	EZ Curl Bar	Barbell EZ Bar Reverse Grip Curl	Strength	Forearm
650	Barbell, Bench	Barbell Palms Down Wrist Curl Over A Bench	Strength	Forearm
651	Barbell, Bench	Barbell Palms Up Wrist Curl Over A Bench	Strength	Forearm
652	Barbell	Barbell Reverse Curl	Strength	Forearm
653	Barbell, Machine - Strength	Barbell Reverse Preacher Curls	Strength	Forearm
654	Barbell, Bench	Barbell Reverse Wrist Curl Over Bench	Strength	Forearm
655	Barbell, Bench	Barbell Seated Palms Down Wrist Curl	Strength	Forearm
656	Barbell, Bench	Barbell Seated Palms Up Wrist Curl	Strength	Forearm
657	Barbell, Bench	Barbell Seated Reverse Wrist Curl	Strength	Forearm
658	Machine - Strength	Cable Reverse Grip Curl	Strength	Forearm
659	Machine - Strength	Cable Reverse One Arm Curl	Strength	Forearm
660	Bench, Machine - Strength	Cable Reverse Preacher Curl	Strength	Forearm
661	Bench, Machine - Strength	Cable Seated Reverse Grip Wrist Curl	Strength	Forearm
662	Machine - Strength	Cable Standing Behind the Back Wrist Curl	Strength	Forearm
663	Machine - Strength	Cable Standing Reverse Curl	Strength	Forearm
664	Machine - Strength, Bench	Cable Wrist Curl	Strength	Forearm
665	Dumbbell, Bench	Dumbbell Lying Pronation	Strength	Forearm
666	Dumbbell, Bench	Dumbbell Lying Supination	Strength	Forearm
667	Bench, Dumbbell	Dumbbell Neutral Wrist Curl Over Bench	Strength	Forearm
668	Bench, Dumbbell	Dumbbell One Arm Neutral Wrist Curl Over Bench	Strength	Forearm
669	Machine - Strength, Dumbbell	Dumbbell One Arm Reverse Preacher Curl	Strength	Forearm
670	Bench, Dumbbell	Dumbbell One Arm Reverse Wrist Curl Over Bench	Strength	Forearm
671	Bench, Dumbbell	Dumbbell One Arm Seated Neutral Wrist Curl	Strength	Forearm
672	Bench, Dumbbell	Dumbbell One Arm Seated Reverse Wrist Curl	Strength	Forearm
673	Bench, Dumbbell	Dumbbell One Arm Seated Wrist Curl	Strength	Forearm
674	Bench, Dumbbell	Dumbbell One Arm Wrist Curl Over Bench	Strength	Forearm
675	Bench, Dumbbell	Dumbbell Palms Down Wrist Curl Over A Bench	Strength	Forearm
676	Bench, Dumbbell	Dumbbell Palms Up Wrist Curl Over A Bench	Strength	Forearm
677	Bench, Dumbbell	Dumbbell Reverse Concentration Curl	Strength	Forearm
678	Machine - Strength, Dumbbell	Dumbbell Reverse Preacher Curl	Strength	Forearm
679	Bench, Dumbbell	Dumbbell Reverse Wrist Curl Over Bench	Strength	Forearm
680	Bench, Dumbbell	Dumbbell Seated Neutral Wrist Curl	Strength	Forearm
681	Dumbbell, Bench	Dumbbell Seated Palms Down One Arm Wrist Curl	Strength	Forearm
682	Dumbbell, Bench	Dumbbell Seated Palms Up One Arm Wrist Curl	Strength	Forearm
683	Dumbbell, Bench	Dumbbell Seated Palms Up Wrist Curl	Strength	Forearm
684	Bench, Dumbbell	Dumbbell Seated Palms-Down Wrist Curl	Strength	Forearm
685	Bench, Dumbbell	Dumbbell Seated Reverse Wrist Curl	Strength	Forearm
686	Dumbbell	Dumbbell Standing Alternate Reverse Curl	Strength	Forearm
687	Dumbbell	Dumbbell Standing One Arm Reverse Curl	Strength	Forearm
688	Dumbbell	Dumbbell Standing Reverse Curl	Strength	Forearm
689	EZ Curl Bar, Machine - Strength	EZ Bar Reverse Grip Preacher Curl	Strength	Forearm
690	Kettlebell	Kettlebell Bottoms Up Clean From The Hang Position	Strength	Forearm
691	Body Only	Kneeling Forearm Stretch	Stretching	Forearm
692	Body Only	Modified Push Up to Forearms	Strength	Forearm
693	Machine - Strength, Bench	Seated Two Arm Palms Up Low Pulley Wrist Curl	Strength	Forearm
694	Bench, Machine - Strength	Smith Machine Seated Wrist Curl	Strength	Forearm
695	Machine - Strength	Smith Machine Standing Behind the Back Wrist Curl	Strength	Forearm
696	Weight Plate	Weight Plate Pinch	Strength	Forearm
697	Weight Plate	Weight Plate Standing Hand Squeeze	Strength	Forearm
698	Body Only	Wrist Circles	Stretching	Forearm
699	Others, Weight Plate	Wrist Roller	Strength	Forearm
700	Body Only	Ankle On The Knee	Stretching	Glutes
701	Bands, Weight Plate	Band Hip Lift	Powerlifting	Glutes
702	Barbell	Barbell Glute Bridge	Powerlifting	Glutes
703	Barbell, Bench	Barbell Hip Thrust	Powerlifting	Glutes
704	Barbell	Barbell Lateral Lunge	Strength	Glutes
705	Body Only	Bridge	Strength	Glutes
706	Machine - Strength	Cable Pull Through	Strength	Glutes
707	Body Only	Dorsiflexion	Stretching	Glutes
708	Exercise Ball	Exercise Ball One Legged Diagonal Kick Hamstring Curl	Strength	Glutes
709	Body Only	Flutter Kick	Strength	Glutes
710	Body Only	Glute Kickback 	Strength	Glutes
711	Machine - Strength	Hip Adduction	Stretching	Glutes
712	Body Only	Iron Cross Stretch	Stretching	Glutes
713	Body Only	Knee Across The Body	Stretching	Glutes
714	Barbell	Kneeling Jump Squat	Olympic Weight Lifting	Glutes
715	Barbell	Kneeling Squat	Powerlifting	Glutes
716	Body Only	Leg Lift	Strength	Glutes
717	Body Only	One Knee to Chest	Stretching	Glutes
718	Machine - Strength	One Leg 45 Degree Leg Press	Strength	Glutes
719	Body Only	One Leg Kickback	Strength	Glutes
720	Bench	Reverse Hyper on Flat Bench	Strength	Glutes
721	Body Only	Seated Glute	Stretching	Glutes
722	Body Only	Single Leg Glute Bridge	Strength	Glutes
723	Machine - Strength	Smith Machine Lunge	Strength	Glutes
724	Body Only	Standing Adductor	Strength	Glutes
725	Body Only	Standing Glute Kickback	Strength	Glutes
726	Body Only	Straight Leg Outer Hip Abductor	Strength	Glutes
727	Body Only	Arm Circles	Stretching	Shoulders
728	Bands, Machine - Strength	Band Back Flyes	Strength	Shoulders
729	Bands	Band Lateral Raises	Strength	Shoulders
730	Bands	Band Shoulder Press	Strength	Shoulders
731	Bands	Band Upright Row	Strength	Shoulders
732	Bands, Exercise Ball	Bands Seated Shoulder Press on Exercise Ball	Strength	Shoulders
733	Barbell, Bench	Barbell Behind The Head Military Press	Strength	Shoulders
734	Barbell, Bench	Barbell Bradford Rocky Press	Strength	Shoulders
735	Barbell	Barbell Clean and Jerk	Olympic Weight Lifting	Shoulders
736	Barbell	Barbell Frankenstein Squat	Olympic Weight Lifting	Shoulders
737	Barbell	Barbell Front Raise	Strength	Shoulders
738	Barbell	Barbell High Front Raise	Strength	Shoulders
739	Barbell, Bench	Barbell Incline Shoulder Raise	Strength	Shoulders
740	Barbell	Barbell Jerk Balance	Olympic Weight Lifting	Shoulders
741	Barbell, Bench	Barbell Lying Rear Delt Raise	Strength	Shoulders
742	Barbell, Bench	Barbell Military Press Behind Neck	Strength	Shoulders
743	Barbell, Exercise Ball	Barbell Press on Exercise Ball	Strength	Shoulders
744	Barbell	Barbell Push Press	Olympic Weight Lifting	Shoulders
745	Barbell	Barbell Push Press Behind The Neck	Olympic Weight Lifting	Shoulders
746	Barbell	Barbell Rack Delivery	Olympic Weight Lifting	Shoulders
747	Barbell	Barbell Rear Delt Row	Strength	Shoulders
748	Barbell	Barbell Rear Delt Row To Neck	Strength	Shoulders
749	Barbell	Barbell Round The World Shoulder Stretch	Stretching	Shoulders
750	Barbell, Bench	Barbell Seated Alternating Front and Back Press	Strength	Shoulders
751	Barbell, Bench	Barbell Seated Front Raise	Strength	Shoulders
752	Barbell, Bench	Barbell Seated High Front Raise	Strength	Shoulders
753	Barbell, Bench	Barbell Seated Press	Strength	Shoulders
754	Barbell, Bench	Barbell Shoulder Press	Strength	Shoulders
755	Barbell	Barbell Shrug	Strength	Shoulders
756	Barbell	Barbell Shrugs Behind The Back	Strength	Shoulders
757	Barbell	Barbell Snatch Shrug	Olympic Weight Lifting	Shoulders
758	Barbell	Barbell Standing Alternating Front and Back Press	Strength	Shoulders
759	Barbell	Barbell Standing Front Raise Over Head	Strength	Shoulders
760	Barbell	Barbell Standing Military Press	Strength	Shoulders
761	Barbell	Barbell Standing Press Behind The Neck	Strength	Shoulders
762	Barbell	Barbell Up Right Row	Strength	Shoulders
763	Machine - Strength	Cable Bent Over Low Pulley Lateral	Strength	Shoulders
764	Machine - Strength	Cable Bent Over Low Pulley Side Lateral	Strength	Shoulders
765	Bench, Machine - Strength	Cable Decline Pullover	Strength	Shoulders
766	Machine - Strength	Cable External Rotation	Strength	Shoulders
767	Machine - Strength	Cable Front Raise	Strength	Shoulders
768	Bench, Machine - Strength	Cable Incline Pullover	Strength	Shoulders
769	Machine - Strength	Cable Internal Rotation	Strength	Shoulders
770	Machine - Strength	Cable Lateral Raise	Strength	Shoulders
771	Machine - Strength	Cable Lying Front Raise	Strength	Shoulders
772	Machine - Strength	Cable Lying Pullover	Strength	Shoulders
773	Machine - Strength	Cable Lying Shrug	Strength	Shoulders
774	Machine - Strength	Cable Lying Upright Row	Strength	Shoulders
775	Machine - Strength	Cable One Arm Lateral Raise	Strength	Shoulders
776	Machine - Strength	Cable One Arm Reverse Fly	Strength	Shoulders
777	Machine - Strength, Bench	Cable Rear Lateral Raise	Strength	Shoulders
778	Machine - Strength	Cable Reverse Fly	Strength	Shoulders
779	Machine - Strength	Cable Rope Face Pull	Strength	Shoulders
780	Machine - Strength	Cable Rope Rear Delt Row	Strength	Shoulders
781	Machine - Strength, Bench	Cable Rope Row To Neck	Strength	Shoulders
782	Machine - Strength, Bench	Cable Row to Neck	Strength	Shoulders
783	Machine - Strength, Bench	Cable Seated Shoulder Press	Strength	Shoulders
784	Bench, Machine - Strength	Cable Seated Shrug	Strength	Shoulders
785	Machine - Strength, Bench	Cable Shoulder Press	Strength	Shoulders
786	Machine - Strength	Cable Shrug	Strength	Shoulders
787	Machine - Strength	Cable Standing Deltoid Raise	Strength	Shoulders
788	Machine - Strength	Cable Up Right Row	Strength	Shoulders
789	Machine - Strength	Calf Machine Shoulder Shrug	Strength	Shoulders
790	Bench	Chair Upper Body Stretch	Stretching	Shoulders
791	Dumbbell, Bench	Dumbbell  Seated Front Hammer Raises	Strength	Shoulders
792	Dumbbell	Dumbbell Alternate Bent Over Reverse Fly	Strength	Shoulders
793	Bench, Dumbbell	Dumbbell Alternate Lying Reverse Fly	Strength	Shoulders
794	Dumbbell	Dumbbell Alternate One Arm Standing Palms In Press	Strength	Shoulders
795	Dumbbell, Exercise Ball	Dumbbell Alternate Rear Delt Fly on Exercise Ball	Strength	Shoulders
796	Bench, Dumbbell	Dumbbell Alternate Reverse Fly on Incline Bench	Strength	Shoulders
797	Bench, Dumbbell	Dumbbell Alternate Seated Arnold Press	Strength	Shoulders
798	Bench, Dumbbell	Dumbbell Alternate Seated Lateral Raise	Strength	Shoulders
799	Bench, Dumbbell	Dumbbell Alternate Seated Palms In Press	Strength	Shoulders
800	Bench, Dumbbell	Dumbbell Alternate Seated Press	Strength	Shoulders
801	Dumbbell	Dumbbell Alternate Standing Arnold Press	Strength	Shoulders
802	Dumbbell	Dumbbell Alternate Standing Lateral Raise	Strength	Shoulders
803	Exercise Ball, Dumbbell	Dumbbell Alternating Arnold Press on Exercise Ball	Strength	Shoulders
804	Dumbbell	Dumbbell Alternating Deltoid Raise	Strength	Shoulders
805	Dumbbell, Exercise Ball	Dumbbell Alternating Lateral Raise on Exercise Ball	Strength	Shoulders
806	Dumbbell, Bench	Dumbbell Arnold Press	Strength	Shoulders
807	Dumbbell	Dumbbell Bent Over Delt Raise	Strength	Shoulders
808	Dumbbell	Dumbbell Bent Over Reverse Fly	Strength	Shoulders
809	Dumbbell	Dumbbell Cuban Press	Strength	Shoulders
810	Dumbbell, Bench	Dumbbell Double Incline Shoulder Raise	Strength	Shoulders
811	Dumbbell, Bench	Dumbbell External Rotation	Strength	Shoulders
812	Dumbbell, Bench	Dumbbell Front Incline Raise	Strength	Shoulders
813	Dumbbell	Dumbbell Front Raise	Strength	Shoulders
814	Dumbbell	Dumbbell Front Two Raise	Strength	Shoulders
815	Dumbbell, Exercise Ball	Dumbbell Kneeling Lateral Raise on Exercise Ball	Strength	Shoulders
816	Dumbbell	Dumbbell Lateral Raise	Strength	Shoulders
817	Dumbbell, Exercise Ball	Dumbbell Lateral Raises on Exercise Ball	Strength	Shoulders
818	Dumbbell, Bench	Dumbbell Lying One Arm Lateral Raise	Strength	Shoulders
819	Dumbbell, Bench	Dumbbell Lying One Arm Lateral Raise	Strength	Shoulders
820	Dumbbell, Bench	Dumbbell Lying Rear Delt Raise	Strength	Shoulders
821	Dumbbell, Bench	Dumbbell Lying Rear Lateral Raise	Strength	Shoulders
822	Bench, Dumbbell	Dumbbell Lying Reverse Fly	Strength	Shoulders
823	Dumbbell, Exercise Ball	Dumbbell One Arm Arnold Press on Exercise Ball	Strength	Shoulders
824	Dumbbell	Dumbbell One Arm Bent Over Reverse Fly	Strength	Shoulders
825	Dumbbell	Dumbbell One Arm Front Raise	Strength	Shoulders
826	Bench, Dumbbell	Dumbbell One Arm Front Raise on Incline Bench	Strength	Shoulders
827	Dumbbell, Bench	Dumbbell One Arm Incline Lateral Raise	Strength	Shoulders
828	Dumbbell, Exercise Ball	Dumbbell One Arm Lateral Raise on Exercise Ball	Strength	Shoulders
829	Bench, Dumbbell	Dumbbell One Arm Lying Reverse Fly	Strength	Shoulders
830	Dumbbell, Exercise Ball	Dumbbell One Arm Rear Delt Fly on Exercise Ball	Strength	Shoulders
831	Bench, Dumbbell	Dumbbell One Arm Reverse Fly on Incline Bench	Strength	Shoulders
832	Bench, Dumbbell	Dumbbell One Arm Seated Arnold Press	Strength	Shoulders
833	Dumbbell, Bench	Dumbbell One Arm Seated Bent Over Reverse Fly	Strength	Shoulders
834	Dumbbell, Bench	Dumbbell One Arm Seated Shoulder Press	Strength	Shoulders
835	Dumbbell	Dumbbell One Arm Shoulder Press	Strength	Shoulders
836	Dumbbell	Dumbbell One Arm Shoulder Press	Strength	Shoulders
837	Dumbbell, Exercise Ball	Dumbbell One Arm Shoulder Press on Exercise Ball	Strength	Shoulders
838	Dumbbell	Dumbbell One Arm Side Lateral Raise	Strength	Shoulders
839	Dumbbell	Dumbbell One Arm Standing Arnold Press	Strength	Shoulders
840	Dumbbell	Dumbbell One Arm Standing Front Raise	Strength	Shoulders
841	Dumbbell	Dumbbell One Arm Standing Lateral Raise	Strength	Shoulders
842	Dumbbell	Dumbbell One Arm Standing Palms In Press	Strength	Shoulders
843	Dumbbell	Dumbbell One Arm Up Right Row	Strength	Shoulders
844	Dumbbell	Dumbbell Power Partials	Strength	Shoulders
845	Dumbbell, Exercise Ball	Dumbbell Prone Shoulder Raise on Exercise Ball	Strength	Shoulders
846	Dumbbell	Dumbbell Raise	Strength	Shoulders
847	Dumbbell, Exercise Ball	Dumbbell Rear Delt Fly on Exercise Ball	Strength	Shoulders
848	Dumbbell, Bench	Dumbbell Rear Delt Row	Strength	Shoulders
849	Dumbbell, Bench	Dumbbell Reverse Flyes	Strength	Shoulders
850	Dumbbell, Bench	Dumbbell Reverse Flyes With External Rotation	Strength	Shoulders
851	Bench, Dumbbell	Dumbbell Seated Alternate Bent Over Reverse Fly	Strength	Shoulders
852	Bench, Dumbbell	Dumbbell Seated Alternate Front Raise	Strength	Shoulders
853	Bench, Dumbbell	Dumbbell Seated Alternate Lateral Raise	Strength	Shoulders
854	Dumbbell, Exercise Ball	Dumbbell Seated Alternating Shoulder Press on Exercise Ball	Strength	Shoulders
855	Dumbbell, Exercise Ball	Dumbbell Seated Arnold Press on Exercise Ball	Strength	Shoulders
856	Bench, Dumbbell	Dumbbell Seated Bent Over Reverse Fly	Strength	Shoulders
857	Bench, Dumbbell	Dumbbell Seated Dublin Press	Strength	Shoulders
858	Bench, Dumbbell	Dumbbell Seated Front Raise	Strength	Shoulders
859	Bench, Dumbbell	Dumbbell Seated One Arm Bent Over Reverse Fly	Strength	Shoulders
860	Bench, Dumbbell	Dumbbell Seated One Arm Front Raise	Strength	Shoulders
861	Bench, Dumbbell	Dumbbell Seated One Arm Lateral Raise	Strength	Shoulders
862	Bench, Dumbbell	Dumbbell Seated Palms In Press	Strength	Shoulders
863	Dumbbell, Bench	Dumbbell Seated Reverse Grip Shoulder Press	Strength	Shoulders
864	Dumbbell, Exercise Ball	Dumbbell Seated Shoulder Press on Exercise Ball	Strength	Shoulders
865	Dumbbell, Bench	Dumbbell Seated Side Lateral Raise	Strength	Shoulders
866	Dumbbell	Dumbbell See Saw Press	Strength	Shoulders
867	Dumbbell, Bench	Dumbbell Shoulder Press	Strength	Shoulders
868	Dumbbell, Exercise Ball	Dumbbell Shoulder Press on Exercise Ball	Strength	Shoulders
869	Dumbbell, Exercise Ball	Dumbbell Shoulder Raise on Exercise Ball	Strength	Shoulders
870	Dumbbell	Dumbbell Shoulder Shrug	Strength	Shoulders
871	Dumbbell, Exercise Ball	Dumbbell Shrugs on Exercise Ball	Strength	Shoulders
872	Dumbbell	Dumbbell Standing Alternate Front Raises	Strength	Shoulders
873	Dumbbell	Dumbbell Standing Alternate Press	Strength	Shoulders
874	Dumbbell	Dumbbell Standing Arnold Press	Strength	Shoulders
875	Dumbbell	Dumbbell Standing Dublin Press	Strength	Shoulders
876	Dumbbell	Dumbbell Standing One Arm Press	Strength	Shoulders
877	Dumbbell	Dumbbell Standing Palms In One Arm Press	Strength	Shoulders
878	Dumbbell	Dumbbell Standing Palms In Press	Strength	Shoulders
879	Dumbbell	Dumbbell Standing Press	Strength	Shoulders
880	Dumbbell	Dumbbell Standing Straight Arm Front Delt Raise Above Head	Strength	Shoulders
881	Dumbbell	Dumbbell Upright Row	Strength	Shoulders
882	Body Only	Elbow Circles	Stretching	Shoulders
883	Exercise Ball	Exercise Ball Seated Neck Extensor Stretch	Stretching	Shoulders
884	Exercise Ball	Exercise Ball Seated Neck Flexor Stretch	Stretching	Shoulders
885	Body Only	Handstand Pushups	Strength	Shoulders
886	Kettlebell	Kettlebell Alternating Hang Clean	Strength	Shoulders
887	Kettlebell	Kettlebell Alternating Press	Strength	Shoulders
888	Kettlebell	Kettlebell Arnold Press	Strength	Shoulders
889	Kettlebell	Kettlebell Double Alternating Hang Clean	Strength	Shoulders
890	Kettlebell	Kettlebell Double Jerk	Strength	Shoulders
891	Kettlebell	Kettlebell Double Push Press	Strength	Shoulders
892	Kettlebell	Kettlebell Double Snatch	Strength	Shoulders
893	Kettlebell	Kettlebell One Arm Clean And Jerk	Strength	Shoulders
894	Kettlebell	Kettlebell One Arm Floor Press	Strength	Shoulders
895	Kettlebell	Kettlebell One Arm Jerk	Strength	Shoulders
896	Kettlebell	Kettlebell One Arm Military Press To The Side	Strength	Shoulders
897	Kettlebell	Kettlebell One Arm Para Press	Strength	Shoulders
898	Kettlebell	Kettlebell One Arm Push Press	Strength	Shoulders
899	Kettlebell	Kettlebell One Arm Snatch	Strength	Shoulders
900	Kettlebell	Kettlebell One Arm Split Jerk	Strength	Shoulders
901	Kettlebell	Kettlebell One Arm Split Snatch	Strength	Shoulders
902	Kettlebell	Kettlebell Seated Press	Strength	Shoulders
903	Kettlebell	Kettlebell Seesaw Press	Strength	Shoulders
904	Kettlebell	Kettlebell Sumo High Press	Strength	Shoulders
905	Kettlebell	Kettlebell Thruster	Strength	Shoulders
906	Kettlebell	Kettlebell Turkish Get Up Lunge	Strength	Shoulders
907	Kettlebell	Kettlebell Turkish Get Up Squat	Strength	Shoulders
908	Kettlebell	Kettlebell Two Arm Clean	Strength	Shoulders
909	Kettlebell	Kettlebell Two Arm Jerk	Strength	Shoulders
910	Kettlebell	Kettlebell Two Arm Military Press	Strength	Shoulders
911	Machine - Strength	Leverage Shoulder Press	Strength	Shoulders
912	Machine - Strength	Leverage Shrug	Strength	Shoulders
913	Machine - Strength	Machine Deltoid Raise	Strength	Shoulders
914	Machine - Strength	Machine Reverse Flyes	Strength	Shoulders
915	Machine - Strength	Machine Shoulder Press	Strength	Shoulders
916	Others	Medicine Ball Backward Throw	Strength	Shoulders
917	Body Only	Posterior Capsule	Stretching	Shoulders
918	Body Only	Shoulder Circles	Stretching	Shoulders
919	Dumbbell	Shoulder Raise	Strength	Shoulders
920	Machine - Strength	Shoulder Raise Machine	Strength	Shoulders
921	Body Only	Shoulder Stretch	Stretching	Shoulders
922	Body Only	Side Wrist Pull	Stretching	Shoulders
923	Machine - Strength, Bench	Smith Machine Close Grip Shoulder Press	Strength	Shoulders
924	Machine - Strength, Bench	Smith Machine Incline Shoulder Raise	Strength	Shoulders
925	Machine - Strength, Bench	Smith Machine Overhead Shoulder Press	Strength	Shoulders
926	Machine - Strength	Smith Machine Rear Delt Row	Strength	Shoulders
927	Machine - Strength, Bench	Smith Machine Shoulder Press	Strength	Shoulders
928	Machine - Strength, Bench	Smith Machine Shoulder Press Behind the Neck	Strength	Shoulders
929	Machine - Strength	Smith Machine Shrug	Strength	Shoulders
930	Machine - Strength	Smith Machine Upright Row	Strength	Shoulders
931	Machine - Strength, Bench	Smith Machine Wide Grip Shoulder Press	Strength	Shoulders
932	Body Only	Upward Stretch	Stretching	Shoulders
933	Weight Plate	Weight Plate Front Raise	Strength	Shoulders
934	Weight Plate	Weight Plate High Front Raise	Strength	Shoulders
935	Bench, Weight Plate	Weight Plate Lying Face Down Neck Resistance	Strength	Shoulders
936	Bench, Weight Plate	Weight Plate Lying Face Up Neck Resistance	Strength	Shoulders
937	Weight Plate	Weight Plate One Arm Shrug	Strength	Shoulders
938	Weight Plate	Weight Plate Shrugs	Strength	Shoulders
939	Bands	Band Back Fly	Strength	Triceps
940	Barbell, Machine - Strength	Barbell Close Grip Bench Press	Strength	Triceps
941	Barbell, Bench	Barbell Close Grip Press Behind the Neck	Strength	Triceps
942	Barbell, Machine - Strength	Barbell Incline Close Grip Bench Press	Strength	Triceps
943	Barbell, Bench	Barbell JM Press	Strength	Triceps
944	Barbell, Bench	Barbell Lying Back of the Head Tricep Extension	Strength	Triceps
945	Barbell, Bench	Barbell Lying Close Grip Triceps Press To Chin	Strength	Triceps
946	Barbell, Bench	Barbell Lying Reverse Extension 	Strength	Triceps
947	Barbell, Bench	Barbell Lying Triceps Extension 	Strength	Triceps
948	Barbell, Bench	Barbell Lying Triceps Press	Strength	Triceps
949	Barbell, Bench	Barbell Reverse Grip Skullcrusher	Strength	Triceps
950	Barbell, Bench	Barbell Reverse Grip Triceps Extension	Strength	Triceps
951	Barbell, Machine - Strength	Barbell Reverse Triceps Bench Press	Strength	Triceps
952	Barbell, Bench	Barbell Seated Overhead Triceps Extension	Strength	Triceps
953	Barbell	Barbell Standing Overhead Triceps Extension	Strength	Triceps
954	Barbell, Bench	Barbell Triceps Extension	Strength	Triceps
955	Bench	Bench Dip	Strength	Triceps
956	Machine - Strength	Cable High Pulley Overhead Tricep Extension	Strength	Triceps
957	Bench, Machine - Strength	Cable Incline Tricep Extension	Strength	Triceps
958	Machine - Strength, Bench	Cable Incline Triceps Extension	Strength	Triceps
959	Machine - Strength	Cable Kneeling Concentration Triceps Extension	Strength	Triceps
960	Machine - Strength, Bench	Cable Kneeling Triceps Extension	Strength	Triceps
961	Machine - Strength	Cable Low Triceps Extension	Strength	Triceps
962	Machine - Strength, Bench	Cable Lying Triceps Extension	Strength	Triceps
963	Machine - Strength	Cable One Arm Standing Overhead Tricep Extension	Strength	Triceps
964	Machine - Strength	Cable One Arm Tricep Extension	Strength	Triceps
965	Machine - Strength	Cable One Arm Tricep Pushdown	Strength	Triceps
966	Machine - Strength, Bench	Cable Reverse Grip Incline Tricep Extension	Strength	Triceps
967	Machine - Strength	Cable Reverse Grip Low Tricep Kickback	Strength	Triceps
968	Machine - Strength	Cable Reverse Grip Triceps Pushdown	Strength	Triceps
969	Machine - Strength	Cable Reverse One Arm Tricep Extension	Strength	Triceps
970	Machine - Strength	Cable Rope High Pulley Overhead Tricep Extension	Strength	Triceps
971	Bench, Machine - Strength	Cable Rope Incline Tricep Extension	Strength	Triceps
972	Machine - Strength	Cable Rope Lying on Floor Tricep Extension	Strength	Triceps
973	Machine - Strength	Cable Rope Overhead Triceps Extension	Strength	Triceps
974	Machine - Strength	Cable Rope Triceps Pushdown	Strength	Triceps
975	Machine - Strength	Cable Standing One Arm Low Pulley Triceps Extension	Strength	Triceps
976	Machine - Strength	Cable Standing Reverse Grip One Arm Overhead Tricep Extension	Strength	Triceps
977	Machine - Strength	Cable Standing Triceps Extension	Strength	Triceps
978	Machine - Strength, Bench	Cable Tricep Incline Pushdown	Strength	Triceps
979	Machine - Strength	Cable Tricep Kickback	Strength	Triceps
980	Machine - Strength	Cable Triceps Pushdown	Strength	Triceps
981	Machine - Strength	Cable Two Arm Tricep Kickback	Strength	Triceps
982	Body Only	Close Triceps Pushup	Strength	Triceps
983	Machine - Strength	Dip	Strength	Triceps
984	Machine - Strength	Dip Machine	Strength	Triceps
985	Dumbbell	Dumbbell Alternate Bent Over Kickback	Strength	Triceps
986	Bench, Dumbbell	Dumbbell Alternate Lying Extension	Strength	Triceps
987	Bench, Dumbbell	Dumbbell Alternate Seated Bent Over Kickback	Strength	Triceps
988	Bench, Dumbbell	Dumbbell Close Grip Press	Strength	Triceps
989	Dumbbell, Bench	Dumbbell Decline Triceps Extension	Strength	Triceps
990	Dumbbell	Dumbbell Forward Lunge Triceps Extension	Strength	Triceps
991	Dumbbell, Bench	Dumbbell Incline Triceps Extension	Strength	Triceps
992	Bench, Dumbbell	Dumbbell Incline Two Arm Extension	Strength	Triceps
993	Dumbbell, Exercise Ball	Dumbbell Kickbacks on Exercise Ball	Strength	Triceps
994	Dumbbell, Bench	Dumbbell Lying Across Face Triceps Extension	Strength	Triceps
995	Bench, Dumbbell	Dumbbell Lying Single Extension	Strength	Triceps
996	Dumbbell, Bench	Dumbbell Lying Supine Two Arm Triceps Extension	Strength	Triceps
997	Dumbbell, Bench	Dumbbell Lying Triceps Extension 	Strength	Triceps
998	Dumbbell, Exercise Ball	Dumbbell One Arm French Press on Exercise Ball	Strength	Triceps
999	Dumbbell, Bench	Dumbbell One Arm Supinated Triceps Extension	Strength	Triceps
1000	Dumbbell, Bench	Dumbbell One Arm Triceps Extension	Strength	Triceps
1001	Dumbbell, Bench	Dumbbell Seated Bent Over Triceps Extension	Strength	Triceps
1002	Dumbbell, Bench	Dumbbell Seated Bent Over Two Arm Triceps Extension	Strength	Triceps
1003	Dumbbell, Bench	Dumbbell Seated Reverse Grip One Arm Overhead Tricep Extension	Strength	Triceps
1004	Bench, Dumbbell	Dumbbell Seated Triceps Press	Strength	Triceps
1005	Dumbbell, Bench	Dumbbell Single Arm Pronated Triceps Extension	Strength	Triceps
1006	Dumbbell, Bench	Dumbbell Single Arm Supinated Triceps Extension	Strength	Triceps
1007	Dumbbell	Dumbbell Standing Alternating Tricep Kickback	Strength	Triceps
1008	Dumbbell	Dumbbell Standing Bent Over One Arm Triceps Extension	Strength	Triceps
1009	Dumbbell	Dumbbell Standing Bent Over Two Arm Triceps Extension	Strength	Triceps
1010	Dumbbell	Dumbbell Standing One Arm Triceps Extension	Strength	Triceps
1011	Dumbbell	Dumbbell Standing Triceps Extension	Strength	Triceps
1012	Dumbbell	Dumbbell Standing Triceps Kickback	Strength	Triceps
1013	Dumbbell, Bench	Dumbbell Tate Press	Strength	Triceps
1014	Dumbbell, Bench	Dumbbell Tricep Kickback	Strength	Triceps
1015	Dumbbell	Dumbbell Tricep Kickback With Stork Stance	Strength	Triceps
1016	Bench, Dumbbell	Dumbbell Twisting Bench Press	Strength	Triceps
1017	Exercise Ball	Exercise Ball Dip	Strength	Triceps
1018	Exercise Ball	Exercise Ball Seated Triceps Stretch	Stretching	Triceps
1019	Dumbbell, Exercise Ball	Exercise Ball Supine Triceps Extension	Strength	Triceps
1020	Exercise Ball	Exercise Ball Tricep Dip	Strength	Triceps
1021	EZ Curl Bar, Bench	EZ Bar Decline Close Grip Skull Crusher	Strength	Triceps
1022	EZ Curl Bar, Bench	EZ Bar Decline Triceps Extension	Strength	Triceps
1023	Exercise Ball, Barbell	EZ Bar French Press on Exercise Ball	Strength	Triceps
1024	EZ Curl Bar, Bench	EZ Bar Incline Triceps Extension	Strength	Triceps
1025	EZ Curl Bar, Bench	EZ Bar Lying Close Grip Behind the Head Triceps Extension	Strength	Triceps
1026	Barbell	EZ Bar Reverse Grip French Press	Strength	Triceps
1027	Barbell, Bench	EZ Bar Seated Reverse Grip French Press	Strength	Triceps
1028	EZ Curl Bar	EZ Bar Standing French Press	Strength	Triceps
1029	EZ Curl Bar, Bench	EZ Bar Triceps Extension	Strength	Triceps
1030	Machine - Strength	Machine Assisted Dip	Strength	Triceps
1031	Machine - Strength	Machine Triceps Extension	Strength	Triceps
1032	Others	Medicine Ball Supine Chest Throw	Strength	Triceps
1033	Barbell, Machine - Strength	Pin Presses	Powerlifting	Triceps
1034	Machine - Strength	Seated Tricep Dip	Strength	Triceps
1035	Bench	Single Bench Dip	Strength	Triceps
1036	Machine - Strength, Bench	Smith Machine Close Grip Bench Press	Strength	Triceps
1037	Bench, Machine - Strength	Smith Machine Incline Tricep Extension	Strength	Triceps
1038	Bench, Machine - Strength	Smith Machine Reverse Close Grip Bench Press	Strength	Triceps
1039	Bench	Three Bench Dip	Strength	Triceps
1040	Others	Towel Standing Triceps Extension	Strength	Triceps
1041	Body Only	Tricep Side Stretch	Stretching	Triceps
1042	Body Only	Tricep Stretch	Stretching	Triceps
1043	Machine - Strength	Triceps Pushdown V Bar	Strength	Triceps
1044	Exercise Ball, Weight Plate	Weight Plate Pullover on Exercise Ball	Strength	Triceps
1045	Bench, Weight Plate	Weighted Bench Dip	Strength	Triceps
1046	Bench, Weight Plate	Weighted Three Bench Dips	Strength	Triceps
1047	Machine - Strength, Weight Plate	Weighted Tricep Dips	Strength	Triceps
1048	Body Only	90 90 Hamstring	Stretching	Upper Legs
1049	Body Only	All Fours Squad Stretch	Stretching	Upper Legs
1050	Body Only	Alternate Leg Diagonal Bound	Strength	Upper Legs
1051	Bands	Band Good Morning	Strength	Upper Legs
1052	Bands	Band Squat	Strength	Upper Legs
1053	Barbell	Barbell 1/2 Squat	Strength	Upper Legs
1054	Barbell	Barbell 1/4 Squat	Strength	Upper Legs
1055	Barbell	Barbell Clean	Olympic Weight Lifting	Upper Legs
1056	Barbell	Barbell Clean Deadlift	Olympic Weight Lifting	Upper Legs
1057	Barbell, Others	Barbell Clean From Blocks	Olympic Weight Lifting	Upper Legs
1058	Barbell	Barbell Clean Pull	Olympic Weight Lifting	Upper Legs
1059	Barbell, Bench	Barbell Decline Bench Lunge	Strength	Upper Legs
1060	Barbell	Barbell Deep Squat	Strength	Upper Legs
1061	Barbell	Barbell Front Squat	Strength	Upper Legs
1062	Barbell	Barbell Front Squat	Strength	Upper Legs
1063	Barbell	Barbell Full Squat	Strength	Upper Legs
1064	Barbell, Machine - Strength	Barbell Good Morning Off Pins	Powerlifting	Upper Legs
1065	Barbell	Barbell Hack Squat	Strength	Upper Legs
1066	Barbell	Barbell Hang Clean	Olympic Weight Lifting	Upper Legs
1067	Barbell	Barbell Hang Clean Below the Knees	Olympic Weight Lifting	Upper Legs
1068	Barbell	Barbell Hang Snatch	Olympic Weight Lifting	Upper Legs
1069	Barbell	Barbell Hang Snatch Below the Knees	Olympic Weight Lifting	Upper Legs
1070	Barbell	Barbell Heaving Snatch Balance	Olympic Weight Lifting	Upper Legs
1071	Barbell	Barbell Jefferson Squat	Strength	Upper Legs
1072	Barbell	Barbell Jerk Dip Squat	Olympic Weight Lifting	Upper Legs
1073	Barbell	Barbell Lunge	Strength	Upper Legs
1074	Barbell	Barbell Muscle Snatch	Olympic Weight Lifting	Upper Legs
1075	Barbell	Barbell Olympic Squat	Olympic Weight Lifting	Upper Legs
1076	Barbell	Barbell One Arm Side Deadlift	Strength	Upper Legs
1077	Barbell	Barbell One Arm Snatch	Strength	Upper Legs
1078	Barbell, Bench	Barbell One Leg Squat	Strength	Upper Legs
1079	Barbell	Barbell Overhead Squat	Olympic Weight Lifting	Upper Legs
1080	Barbell, Others	Barbell Power Clean from Blocks	Olympic Weight Lifting	Upper Legs
1081	Barbell	Barbell Power Jerk	Olympic Weight Lifting	Upper Legs
1082	Barbell	Barbell Power Snatch	Olympic Weight Lifting	Upper Legs
1083	Barbell, Others	Barbell Power Snatch From Blocks	Olympic Weight Lifting	Upper Legs
1084	Barbell, Weight Plate	Barbell Romanian Deadlift From Deficit	Olympic Weight Lifting	Upper Legs
1085	Barbell	Barbell Side Split Squat	Strength	Upper Legs
1086	Barbell	Barbell Single Leg Squat	Strength	Upper Legs
1087	Barbell	Barbell Snatch	Olympic Weight Lifting	Upper Legs
1088	Barbell	Barbell Snatch Balance	Olympic Weight Lifting	Upper Legs
1089	Barbell	Barbell Snatch Deadlift	Olympic Weight Lifting	Upper Legs
1090	Barbell, Others	Barbell Snatch from Blocks	Olympic Weight Lifting	Upper Legs
1091	Barbell	Barbell Snatch Pull	Strength	Upper Legs
1092	Barbell	Barbell Speed Squat	Strength	Upper Legs
1093	Barbell	Barbell Split Clean	Olympic Weight Lifting	Upper Legs
1094	Barbell	Barbell Split Jerk	Olympic Weight Lifting	Upper Legs
1095	Barbell	Barbell Split Jump	Strength	Upper Legs
1096	Barbell	Barbell Squat	Strength	Upper Legs
1097	Barbell	Barbell Squat Jerk	Strength	Upper Legs
1098	Barbell, Bench	Barbell Squat To A Bench	Strength	Upper Legs
1099	Barbell	Barbell Squat to Shoulder Press	Strength	Upper Legs
1100	Barbell	Barbell Squat to Upright Row	Strength	Upper Legs
1101	Barbell	Barbell Squat with Narrow Stance	Strength	Upper Legs
1102	Barbell, Bench	Barbell Step Ups	Strength	Upper Legs
1103	Barbell, Bench	Barbell Stiff Leg Deadlift on Bench	Strength	Upper Legs
1104	Barbell	Barbell Stiff-Legged Deadlift	Strength	Upper Legs
1105	Barbell	Barbell Sumo Deadlift	Powerlifting	Upper Legs
1106	Barbell	Barbell Wide Stance Squat	Strength	Upper Legs
1107	Barbell	Barbell Wide Stance Stiff Leg Deadlift	Olympic Weight Lifting	Upper Legs
1108	Barbell	Barbell Zercher Squat	Strength	Upper Legs
1109	Barbell	Barbell Zercher Squat	Strength	Upper Legs
1110	Body Only	Bodyweight Lunge	Strength	Upper Legs
1111	Body Only	Bodyweight Side Lunge	Strength	Upper Legs
1112	Bench	Bodyweight Step Up	Strength	Upper Legs
1113	Body Only	Bodyweight Walking Lunge	Strength	Upper Legs
1114	Body Only	Bodyweight Wall Squat	Strength	Upper Legs
1115	Bench	Box Jump Multiple Response	Strength	Upper Legs
1116	Machine - Strength	Cable Standing Leg Curl	Strength	Upper Legs
1117	Bench	Chair Leg Extended Stretch	Stretching	Upper Legs
1118	Body Only	Depth Jump Leap	Strength	Upper Legs
1119	Body Only	Double Leg Butt Kick	Strength	Upper Legs
1120	Bench, Dumbbell	Dumbbell Bench One Leg Squat	Strength	Upper Legs
1121	Bench, Dumbbell	Dumbbell Decline Bench Lunge	Strength	Upper Legs
1122	Bench, Dumbbell	Dumbbell Hamstring Curl	Strength	Upper Legs
1123	Dumbbell	Dumbbell Iron Cross	Strength	Upper Legs
1124	Dumbbell	Dumbbell Jumping Squat	Strength	Upper Legs
1125	Dumbbell	Dumbbell Lateral Lunge with Bicep Curl	Strength	Upper Legs
1126	Dumbbell	Dumbbell Lunges	Strength	Upper Legs
1127	Dumbbell	Dumbbell One Leg Squat	Strength	Upper Legs
1128	Dumbbell	Dumbbell Pile Squat	Strength	Upper Legs
1129	Dumbbell	Dumbbell Rear Lunge	Strength	Upper Legs
1130	Dumbbell	Dumbbell Split Jump	Strength	Upper Legs
1131	Dumbbell	Dumbbell Squat	Strength	Upper Legs
1132	Dumbbell, Bench	Dumbbell Squat To A Bench	Strength	Upper Legs
1133	Dumbbell, Bench	Dumbbell Step Ups	Strength	Upper Legs
1134	Dumbbell	Dumbbell Stiff Leg Deadlift	Strength	Upper Legs
1135	Bench, Dumbbell	Dumbbell Stiff Leg Deadlift on Bench	Strength	Upper Legs
1136	Dumbbell	Dumbbell Stiff-Legged Deadlift	Strength	Upper Legs
1137	Dumbbell	Dumbbell Walking Lunges	Strength	Upper Legs
1138	Dumbbell	Dumbbell Wall Squat	Strength	Upper Legs
1139	Exercise Ball	Exercise Ball Hip Flexor Stretch	Stretching	Upper Legs
1140	Exercise Ball	Exercise Ball Seated Hamstring Stretch	Stretching	Upper Legs
1141	Exercise Ball	Exercise Ball Seated Quad Stretch	Stretching	Upper Legs
1142	Exercise Ball	Exercise Ball Standing Hamstring Stretch	Stretching	Upper Legs
1143	Exercise Ball	Exercise Ball Wall Squat	Strength	Upper Legs
1144	Body Only	Freehand Jump Squat	Strength	Upper Legs
1145	Body Only	Front Leg Raises	Stretching	Upper Legs
1146	Bench	Front Step Up	Stretching	Upper Legs
1147	Machine - Strength	Hack Squat	Strength	Upper Legs
1148	Machine - Strength	Hack Squat with Narrow Stance	Strength	Upper Legs
1149	Bands	Hamstring Stretch	Stretching	Upper Legs
1150	Bands	Hip Flexor and Quad Stretch	Stretching	Upper Legs
1151	Kettlebell	Kettlebell Dead Clean	Strength	Upper Legs
1152	Kettlebell	Kettlebell Front Squats	Strength	Upper Legs
1153	Kettlebell	Kettlebell Goblet Squat	Strength	Upper Legs
1154	Kettlebell	Kettlebell Hang Clean	Strength	Upper Legs
1155	Kettlebell	Kettlebell One Arm Clean	Strength	Upper Legs
1156	Kettlebell	Kettlebell One Arm Overhead Squat	Strength	Upper Legs
1157	Kettlebell	Kettlebell One Arm Palm Clean	Strength	Upper Legs
1158	Kettlebell	Kettlebell One Arm Swing	Strength	Upper Legs
1159	Kettlebell	Kettlebell One Legged Deadlift	Strength	Upper Legs
1160	Kettlebell	Kettlebell Open Palm Clean	Strength	Upper Legs
1161	Kettlebell	Kettlebell Pistol Squat	Strength	Upper Legs
1162	Body Only	Knee Tuck Jump	Strength	Upper Legs
1163	Body Only	Kneeling Hip Flexor	Stretching	Upper Legs
1164	Body Only	Kneeling Hip Flexor	Stretching	Upper Legs
1165	Machine - Strength	Kneeling Leg Curl	Strength	Upper Legs
1166	Machine - Strength	Leg Extension with One Leg	Strength	Upper Legs
1167	Machine - Strength	Leg Extensions	Strength	Upper Legs
1168	Machine - Strength	Leg Press	Strength	Upper Legs
1169	Machine - Strength	Leg Press Machine	Strength	Upper Legs
1170	Machine - Strength	Leg Press Machine One Leg Press with Wide Stance	Strength	Upper Legs
1171	Machine - Strength	Leg Press Machine With Narrow Stance	Strength	Upper Legs
1172	Machine - Strength	Leg Press Machine With One Leg	Strength	Upper Legs
1173	Machine - Strength	Leg Press Machine With Wide Stance	Strength	Upper Legs
1174	Machine - Strength	Leg Press with Narrow Stance	Strength	Upper Legs
1175	Machine - Strength	Leg Press with Wide Stance	Strength	Upper Legs
1176	Body Only	Leg-Up Hamstring Stretch	Stretching	Upper Legs
1177	Body Only	Looking At Ceiling	Stretching	Upper Legs
1178	Body Only	Lying Hip Flexor	Stretching	Upper Legs
1179	Machine - Strength	Lying Leg Curls	Strength	Upper Legs
1180	Machine - Strength	Lying Machine Squat	Strength	Upper Legs
1181	Body Only	Mountain Climbers	Stretching	Upper Legs
1182	Bench	On Your Back Quad Stretch	Stretching	Upper Legs
1183	Body Only	On Your Side Quad Stretch	Stretching	Upper Legs
1184	Body Only	One Half Locust	Stretching	Upper Legs
1185	Body Only	One Leg Bodyweight Squat	Strength	Upper Legs
1186	Machine - Strength	One Leg Hack Squat	Strength	Upper Legs
1187	Body Only	Prisoner Squat	Strength	Upper Legs
1188	Body Only	Quad Stretch	Stretching	Upper Legs
1189	Body Only	Rear Bodyweight Lunge	Strength	Upper Legs
1190	Body Only	Rear Leg Raises	Stretching	Upper Legs
1191	Body Only	Reclining Big Toe Pose	Stretching	Upper Legs
1192	Machine - Strength	Reverse Hack Squat	Strength	Upper Legs
1193	Body Only	Rocket Jump	Strength	Upper Legs
1194	Body Only	Runner's Stretch	Stretching	Upper Legs
1195	Body Only	Scissors Jump	Strength	Upper Legs
1196	Body Only	Seated Floor Hamstring Stretch	Stretching	Upper Legs
1197	Bands	Seated Hamstring and Calf Stretch	Stretching	Upper Legs
1198	Body Only	Seated Hamstring Stretch	Stretching	Upper Legs
1199	Machine - Strength	Seated Leg Curl	Strength	Upper Legs
1200	Machine - Strength	Seated Leg Curl with One Leg	Strength	Upper Legs
1201	Body Only	Seated Wide Angle Pose Sequence	Stretching	Upper Legs
1202	Body Only	Side Hop-Sprint	Strength	Upper Legs
1203	Bench	Side Step Up	Strength	Upper Legs
1204	Others	Side to Side Box Shuffle	Strength	Upper Legs
1205	Body Only	Single Leg Butt Kick	Strength	Upper Legs
1206	Machine - Strength	Single Leg Curl	Strength	Upper Legs
1207	Others	Single Leg Push-Off	Strength	Upper Legs
1208	Body Only	Single Leg Stride Jump	Strength	Upper Legs
1209	Body Only	Sissy Squat	Strength	Upper Legs
1210	Body Only	Sit Squat	Strength	Upper Legs
1211	Machine - Strength	Smith Machine Frankenstein Squat	Strength	Upper Legs
1212	Machine - Strength	Smith Machine Front Squat	Strength	Upper Legs
1213	Machine - Strength	Smith Machine Hack Squat	Strength	Upper Legs
1214	Machine - Strength, Bench	Smith Machine Single Leg Split Squat	Strength	Upper Legs
1215	Machine - Strength	Smith Machine Squat	Strength	Upper Legs
1216	Bench, Machine - Strength	Smith Machine Squat to Bench	Strength	Upper Legs
1217	Machine - Strength	Smith Machine Stiff Legged Deadlift	Strength	Upper Legs
1218	Machine - Strength	Smith Machine Zercher Squat	Strength	Upper Legs
1219	Body Only	Split Jump	Strength	Upper Legs
1220	Bench	Standing Elevated Quad Stretch	Stretching	Upper Legs
1221	Bands	Standing Hamstring and Calf Stretch	Stretching	Upper Legs
1222	Body Only	Standing Hip Flexors	Stretching	Upper Legs
1223	Body Only	Standing Long Jump	Strength	Upper Legs
1224	Body Only	Standing Quadriceps Stretch	Stretching	Upper Legs
1225	Exercise Ball	Standing Straight Leg Hamstring Contract Relax on Exercise Ball	Stretching	Upper Legs
1226	Body Only	Standing Toe Touches	Stretching	Upper Legs
1227	Body Only	Star Jump	Strength	Upper Legs
1228	Body Only	Straddle Stretch	Stretching	Upper Legs
1229	Body Only	Supine Hamstring Stretch	Stretching	Upper Legs
1230	Machine - Strength	Thigh Abductor	Strength	Upper Legs
1231	Machine - Strength	Thigh Adductor	Strength	Upper Legs
1232	Bench	Transverse Step Up	Stretching	Upper Legs
1233	Machine - Strength, Weight Plate	Weight Plate Sissy Squat	Strength	Upper Legs
1234	Weight Plate, Bench	Weight Plate Squat	Strength	Upper Legs
1235	Exercise Ball, Weight Plate	Weighted Exercise Ball Wall Squat	Strength	Upper Legs
1236	Body Only	World's Greatest Stretch	Stretching	Upper Legs
1237	Body Only	Ankle Circles	Stretching	Lower Legs
1238	Bands	Band Calf Raise	Strength	Lower Legs
1239	Bands	Band Calf Raises	Strength	Lower Legs
1240	Barbell	Barbell Floor Calf Raise	Strength	Lower Legs
1241	Barbell	Barbell Rocking Standing Calf Raise	Strength	Lower Legs
1242	Barbell, Bench	Barbell Seated Calf Raise	Strength	Lower Legs
1243	Barbell, Weight Plate	Barbell Standing Calf Raise	Strength	Lower Legs
1244	Body Only	Bodyweight Standing Calf Raise	Strength	Lower Legs
1245	Bench	Box Jump Down with 1 Leg Stabilization	Strength	Lower Legs
1246	Machine - Strength	Cable Calf Raise	Strength	Lower Legs
1247	Machine - Strength	Cable One Leg Calf Raise	Strength	Lower Legs
1248	Machine - Strength	Cable One Leg Kickback	Strength	Lower Legs
1249	Machine - Strength	Calf Press On Leg Press	Strength	Lower Legs
1250	Machine - Strength	Calf Press on Leg Press Machine	Strength	Lower Legs
1251	Dumbbell	Calf Raise On A Dumbbell	Strength	Lower Legs
1252	Body Only	Calf Stretch With Hands Against Wall	Stretching	Lower Legs
1253	Bands	Calf Stretch with Rope	Stretching	Lower Legs
1254	Bench, Weight Plate	Donkey Calf Raises	Strength	Lower Legs
1255	Bench, Dumbbell	Dumbbell Seated Calf Raise	Strength	Lower Legs
1256	Bench, Dumbbell	Dumbbell Seated One Leg Calf Raise	Strength	Lower Legs
1257	Dumbbell, Weight Plate	Dumbbell Standing Calf Raise	Strength	Lower Legs
1258	Exercise Ball, Dumbbell	Exercise Ball on the Wall Calf Raise	Strength	Lower Legs
1259	Machine - Strength	Hack Calf Raise	Strength	Lower Legs
1260	Machine - Strength	Hack One Leg Calf Raise	Strength	Lower Legs
1261	Body Only	Knee Circles	Stretching	Lower Legs
1262	Machine - Strength	One Leg Calf Press on Leg Press	Strength	Lower Legs
1263	Bench, Weight Plate	One Leg Donkey Calf Raise	Strength	Lower Legs
1264	Body Only	One Leg Floor Calf Raise	Strength	Lower Legs
1265	Bands	Peroneals Stretch	Stretching	Lower Legs
1266	Bands	Posterior Tibialis Stretch	Stretching	Lower Legs
1267	Machine - Strength	Seated Calf Raise	Strength	Lower Legs
1268	Body Only	Seated Calf Stretch	Stretching	Lower Legs
1269	Machine - Strength	Seated One Leg Calf Raise	Strength	Lower Legs
1270	Dumbbell, Bench	Seated One Leg Calf Raise	Strength	Lower Legs
1271	Machine - Strength	Smith Machine One Leg Calf Raise	Strength	Lower Legs
1272	Machine - Strength	Smith Machine Reverse Calf Raises	Strength	Lower Legs
1273	Bench, Machine - Strength	Smith Machine Seated One Leg Calf Raise	Strength	Lower Legs
1274	Machine - Strength, Bench	Smith Machine Toe Raise	Strength	Lower Legs
1275	Machine - Strength	Standing Calf Raises	Strength	Lower Legs
1276	Body Only	Standing Gastrocnemius	Stretching	Lower Legs
1277	Bench	Standing Gastrocnemius Calf Stretch	Stretching	Lower Legs
1278	Body Only	Standing One Leg Bodyweight Calf Raise	Strength	Lower Legs
1279	Body Only	Standing Soleus And Achilles Stretch	Stretching	Lower Legs
1280	Others	Aerobics	Cardio	Cardio
1281	Others	Boxing	Cardio	Cardio
1282	Machine - Cardio	Elliptical Training	Cardio	Cardio
1283	Others	Field Sports	Cardio	Cardio
1284	Machine - Cardio	Indoor Cycling	Cardio	Cardio
1285	Others	Inline Skating	Cardio	Cardio
1286	Others	Jump Rope	Cardio	Cardio
1287	Others	Mountain Biking	Cardio	Cardio
1288	Body Only	Pilates	Cardio	Cardio
1289	Machine - Cardio	Recumbent Bike	Cardio	Cardio
1290	Others	Road Cycling	Cardio	Cardio
1291	Machine - Cardio	Rowing	Cardio	Cardio
1292	Body Only	Running	Cardio	Cardio
1293	Machine - Cardio	Stationary Bike	Cardio	Cardio
1294	Machine - Cardio	Step Machine	Cardio	Cardio
1295	Body Only	Swimming	Cardio	Cardio
1296	Machine - Cardio	Treadmill Running	Cardio	Cardio
1297	Machine - Cardio	Walking	Cardio	Cardio
1298	Body Only	Yoga	Cardio	Cardio
